索引,公司名稱,公司網址,職缺名稱,職缺網址,所需技能
1,中國石油化學工業開發股份有限公司,https://www.104.com.tw/company/1f0kpe0?jobsource=2018indexpoc,指揮中心-高階管理師,https://www.104.com.tw/job/6vkqx?jobsource=2018indexpoc,
2,勤業眾信聯合會計師事務所,https://www.104.com.tw/company/17n3i7lk?jobsource=2018indexpoc,大數據稽核諮詢顧問,https://www.104.com.tw/job/550g9?jobsource=2018indexpoc,Excel Outlook PowerPoint Word 
3,GARMIN_台灣國際航電股份有限公司,https://www.104.com.tw/company/at3fhmo?jobsource=2018indexpoc,工業4.0百人招募專案!!Garmin Asia 製造工程處_機構工程師_汐止/林口,https://www.104.com.tw/job/5egqx?jobsource=2018indexpoc,
4,"美商 Canner, Inc_易開科技股份有限公司",https://www.104.com.tw/company/1a2x6bk0rr?jobsource=jolist_c_relevance,後端工程師,https://www.104.com.tw/job/6pg94?jobsource=jolist_c_relevance,
5,威朋大數據股份有限公司,https://www.104.com.tw/company/d9tnh1s?jobsource=2018indexpoc,IT Service Engineer,https://www.104.com.tw/job/3qhu0?jobsource=2018indexpoc,Linux Mac OS OS X UNIX Windows 2003 Windows Server 2008 Windows 8 Windows Server 2012 MS SQL MySQL Vmware Cisco LDAP PPPoE 鼎新 文中系統 
6,大銀微系統股份有限公司_HIWIN MIKROSYSTEM,https://www.104.com.tw/company/18r1oqbc?jobsource=jolist_c_relevance,資訊類_ERP/MES程式設計師,https://www.104.com.tw/job/6v3a5?jobsource=jolist_c_relevance,
7,動力安全資訊股份有限公司,https://www.104.com.tw/company/10vcwn74?jobsource=jolist_c_relevance,大數據 高級工程師,https://www.104.com.tw/job/6g1h3?jobsource=jolist_c_relevance,
8,發條橘子科技股份有限公司,https://www.104.com.tw/company/1a2x6bidrp?jobsource=jolist_c_relevance,Server平台系統工程師,https://www.104.com.tw/job/6ign1?jobsource=jolist_c_relevance,Java MySQL JavaScript 
9,威朋大數據股份有限公司,https://www.104.com.tw/company/d9tnh1s?jobsource=2018indexpoc,【Vpon HK】Regional Account Manager,https://www.104.com.tw/job/6cx3n?jobsource=2018indexpoc,
10,大數據股份有限公司,https://www.104.com.tw/company/1a2x6bjjhc?jobsource=2018indexpoc,大數據研究中心研究員,https://www.104.com.tw/job/6v9d2?jobsource=2018indexpoc,
11,國立中山大學_人事室,https://www.104.com.tw/company/1a2x6bkygo?jobsource=2018indexpoc,國立中山大學南區促進產業發展研究中心＿地區產業創新組＿副理,https://www.104.com.tw/job/6uwsc?jobsource=2018indexpoc,Excel PowerPoint Word 
12,和碩集團_和碩聯合科技股份有限公司,https://www.104.com.tw/company/d6gs5o8?jobsource=2018indexpoc,製程專案主管(上海)_8755,https://www.104.com.tw/job/6rjei?jobsource=2018indexpoc,Excel PowerPoint Project Word 
13,"華東科技股份有限公司(Walton Advanced Engineering, Inc.)",https://www.104.com.tw/company/a5ifm8w?jobsource=2018indexpoc,APP 開發工程師,https://www.104.com.tw/job/5up65?jobsource=2018indexpoc,
14,大數據股份有限公司,https://www.104.com.tw/company/1a2x6bjjhc?jobsource=2018indexpoc,產品業務,https://www.104.com.tw/job/6agkb?jobsource=2018indexpoc,Excel PowerPoint Word 
15,竹陞科技股份有限公司,https://www.104.com.tw/company/1a2x6bkb4k?jobsource=2018indexpoc,軟體工程師【新竹】,https://www.104.com.tw/job/66xyc?jobsource=2018indexpoc,Linux ASP.NET C C# C++ Visual C# MS SQL Oracle Vmware XML Web services jQuery Socket 
16,和泰汽車股份有限公司,https://www.104.com.tw/company/1hrmizk?jobsource=jolist_c_relevance,資料工程師 (Data Engineer),https://www.104.com.tw/job/6ej3x?jobsource=jolist_c_relevance,
17,豐譽營造股份有限公司,https://www.104.com.tw/company/1a2x6bia3y?jobsource=2018indexpoc,臺馬專案管理與資訊科技中心、淡江大學工程法律中心程式工程師(淡江大學產學合作),https://www.104.com.tw/job/6fvkl?jobsource=2018indexpoc,
18,寰娛數位科技有限公司,https://www.104.com.tw/company/1a2x6bl1mi?jobsource=2018indexpoc,Java工程師(內湖),https://www.104.com.tw/job/6w6mp?jobsource=2018indexpoc,
19,葳騰科技股份有限公司,https://www.104.com.tw/company/ohr8zjk?jobsource=2018indexpoc,雲端運算工程師 Cloud Computing,https://www.104.com.tw/job/5cxtg?jobsource=2018indexpoc,
20,沈氏藝術印刷股份有限公司,https://www.104.com.tw/company/79mvkyw?jobsource=2018indexpoc,行銷、企劃儲備幹部/專員,https://www.104.com.tw/job/6vng8?jobsource=2018indexpoc,Excel PowerPoint Word 
21,艾得基客行銷顧問股份有限公司,https://www.104.com.tw/company/1a2x6bi2px?jobsource=jolist_c_relevance,Java/Python/Go 大數據平台工程師,https://www.104.com.tw/job/6j2dn?jobsource=jolist_c_relevance,Linux UML Java PHP Python MySQL RDBMS HTML JavaScript jQuery HTTP ssh 
22,捷安特 YouBike_巨大機械工業股份有限公司,https://www.104.com.tw/company/pr194vs?jobsource=jolist_c_relevance,GTM IE工程師,https://www.104.com.tw/job/4vh92?jobsource=jolist_c_relevance,
23,騎士堡國際事業股份有限公司,https://www.104.com.tw/company/bkdet08?jobsource=jolist_c_relevance,行銷資深(大數據/店鋪)經理,https://www.104.com.tw/job/6ul2b?jobsource=jolist_c_relevance,Outlook PowerPoint Word 
24,晶峰科技有限公司,https://www.104.com.tw/company/1a2x6bkajh?jobsource=2018indexpoc,Java Team Leader(大數據團隊),https://www.104.com.tw/job/6v4el?jobsource=2018indexpoc,
25,審計部,https://www.104.com.tw/company/1qteu4g?jobsource=2018indexpoc,約聘系統分析師(需紙本郵寄履歷),https://www.104.com.tw/job/6wn7j?jobsource=2018indexpoc,
26,國泰金控_國泰金融控股股份有限公司,https://www.104.com.tw/company/wjct48g?jobsource=jolist_c_relevance,"專案管理師-數據科技(數數發中心, DDT)",https://www.104.com.tw/job/6emjd?jobsource=jolist_c_relevance,
27,台新金控_台新國際商業銀行股份有限公司,https://www.104.com.tw/company/13qvhzjs?jobsource=2018indexpoc,〔個金〕2020年度研發替代役-資料科學家 (台北),https://www.104.com.tw/job/6veou?jobsource=2018indexpoc,Python MS SQL SAS 
28,東森購物_電視購物_東森得易購股份有限公司,https://www.104.com.tw/company/abdz5yx?jobsource=2018indexpoc,專員(大數據),https://www.104.com.tw/job/6mq2z?jobsource=2018indexpoc,
29,國立中正大學_研究發展處,https://www.104.com.tw/company/2wf237b?jobsource=2018indexpoc,新創公司資訊軟體工程師,https://www.104.com.tw/job/6mtdm?jobsource=2018indexpoc,Linux Github C C# C++ Matlab Python Visual C++ MS SQL MySQL HTML JavaScript Node.js Google Trend 
30,INTECHWORLD INC.,https://www.104.com.tw/company/1a2x6bl0vz?jobsource=jolist_c_relevance,台北◇大數據產品經理(Big Data Product Manager)-S,https://www.104.com.tw/job/6wt1z?jobsource=jolist_c_relevance,UML 
31,中國信託綜合證券股份有限公司,https://www.104.com.tw/company/1a2x6bkddo?jobsource=2018indexpoc,大數據分析師,https://www.104.com.tw/job/6g7kj?jobsource=2018indexpoc,
32,亞太電信股份有限公司,https://www.104.com.tw/company/wifkjug?jobsource=jolist_c_relevance,【資訊專業】大數據資料管理師(工程背景),https://www.104.com.tw/job/6te4b?jobsource=jolist_c_relevance,
33,富鴻網股份有限公司,https://www.104.com.tw/company/1a2x6bjcm3?jobsource=jolist_c_relevance,智慧農業應用/專案管理師,https://www.104.com.tw/job/6pkjy?jobsource=jolist_c_relevance,
34,中國石油化學工業開發股份有限公司,https://www.104.com.tw/company/1f0kpe0?jobsource=jolist_c_relevance,指揮中心-資訊管理師,https://www.104.com.tw/job/6vkr0?jobsource=jolist_c_relevance,
35,聯強國際股份有限公司,https://www.104.com.tw/company/aldnfbc?jobsource=2018indexpoc,JAVA程式設計師(全球第二大IT通路集團),https://www.104.com.tw/job/2buxq?jobsource=2018indexpoc,
36,晶峰科技有限公司,https://www.104.com.tw/company/1a2x6bkajh?jobsource=jolist_c_relevance,大數據分析師(Big Data Analyst),https://www.104.com.tw/job/6nyst?jobsource=jolist_c_relevance,Python MySQL hadoop Hive 
37,緯創資通股份有限公司,https://www.104.com.tw/company/5wthkkw?jobsource=jolist_c_relevance,Data Architect _ 新竹 _ 00213,https://www.104.com.tw/job/6w0so?jobsource=jolist_c_relevance,
38,聯詠科技股份有限公司,https://www.104.com.tw/company/12nopku0?jobsource=2018indexpoc,雲端工程師 (SP-ISW1),https://www.104.com.tw/job/6ds6y?jobsource=2018indexpoc,ASP.NET C# MS SQL DNS IIS 
39,晶元光電股份有限公司(晶電),https://www.104.com.tw/company/12nolyfk?jobsource=2018indexpoc,資訊主管(中高階),https://www.104.com.tw/job/6hf9l?jobsource=2018indexpoc,
40,域動行銷股份有限公司,https://www.104.com.tw/company/b8d4h6g?jobsource=2018indexpoc,數位媒體數據分析/解讀師,https://www.104.com.tw/job/4ewv7?jobsource=2018indexpoc,Windows 7 Excel Outlook PowerPoint Word 
41,肯岳亞股份有限公司,https://www.104.com.tw/company/aoebi6w?jobsource=2018indexpoc,人資助理,https://www.104.com.tw/job/2ugef?jobsource=2018indexpoc,Excel PowerPoint Word 
42,聯強國際股份有限公司,https://www.104.com.tw/company/aldnfbc?jobsource=2018indexpoc,系統工程師(全球第二大IT通路集團),https://www.104.com.tw/job/38i4r?jobsource=2018indexpoc,
43,關貿網路股份有限公司,https://www.104.com.tw/company/18mw4ku8?jobsource=2018indexpoc,Hadoop軟體工程師(T61),https://www.104.com.tw/job/4en0d?jobsource=2018indexpoc,Java Spring Struts 
44,聚泰網路科技有限公司,https://www.104.com.tw/company/1a2x6bkkjl?jobsource=2018indexpoc,技術客服/客服工程師,https://www.104.com.tw/job/6jcwq?jobsource=2018indexpoc,
45,環輿科技股份有限公司,https://www.104.com.tw/company/bjrl3ig?jobsource=jolist_c_relevance,資深環境專案工程師(綜合環管),https://www.104.com.tw/job/6156t?jobsource=jolist_c_relevance,
46,亞太電信股份有限公司,https://www.104.com.tw/company/wifkjug?jobsource=jolist_c_relevance,【AIOT】BD(Business Development Project Manager )/ 智慧物聯網事業資深專員,https://www.104.com.tw/job/6jbba?jobsource=jolist_c_relevance,
47,后羿醫學科技股份有限公司,https://www.104.com.tw/company/1a2x6bl57h?jobsource=2018indexpoc,活動行銷企劃工讀生（穿戴式、大數據、機器學習、資料科學）,https://www.104.com.tw/job/6vpaj?jobsource=2018indexpoc,
48,鴻海集團_英屬開曼群島商鴻騰精密科技股份有限公司台灣分公司,https://www.104.com.tw/company/1a2x6bkbyd?jobsource=jolist_c_relevance,App 行動裝置軟體 開發工程師 (IOS / Android),https://www.104.com.tw/job/6d8do?jobsource=jolist_c_relevance,Android iOS C# Java Objective-C SWIFT 
49,宇智網通股份有限公司,https://www.104.com.tw/company/ckqydzk?jobsource=jolist_c_relevance,(新竹)-研發創新中心(軟體人才),https://www.104.com.tw/job/6r4ob?jobsource=jolist_c_relevance,
50,緯創資通股份有限公司,https://www.104.com.tw/company/5wthkkw?jobsource=2018indexpoc,人力資源數據分析專員_ 汐止_ 91636,https://www.104.com.tw/job/6oe7l?jobsource=2018indexpoc,Python R 
51,頎邦科技股份有限公司,https://www.104.com.tw/company/7ere2lk?jobsource=2018indexpoc,S1K811-製程工程師-高雄區南一廠,https://www.104.com.tw/job/6pf4v?jobsource=2018indexpoc,
52,聯強國際股份有限公司,https://www.104.com.tw/company/aldnfbc?jobsource=2018indexpoc,系統分析師(全球第二大IT通路集團),https://www.104.com.tw/job/2s6ep?jobsource=2018indexpoc,
53,英屬維京群島商金波信息技術諮詢有限公司台灣分公司,https://www.104.com.tw/company/1a2x6bkmxw?jobsource=jolist_c_relevance,PHP後端工程師,https://www.104.com.tw/job/6hhza?jobsource=jolist_c_relevance,PHP MySQL HTML 
54,眾匯智能健康股份有限公司,https://www.104.com.tw/company/7hqkeah?jobsource=2018indexpoc,商品開發專案經理,https://www.104.com.tw/job/6gth1?jobsource=2018indexpoc,
55,大數據股份有限公司,https://www.104.com.tw/company/1a2x6bjjhc?jobsource=jolist_c_relevance,專欄編輯企劃,https://www.104.com.tw/job/6v4j0?jobsource=jolist_c_relevance,
56,大同股份有限公司,https://www.104.com.tw/company/52cwahd?jobsource=2018indexpoc,(研發設計類)-Java程式設計師-電腦與機電事業部,https://www.104.com.tw/job/5u4dd?jobsource=2018indexpoc,
57,威朋大數據股份有限公司,https://www.104.com.tw/company/d9tnh1s?jobsource=2018indexpoc,Junior Data Project Manager (based in Japan),https://www.104.com.tw/job/6rz1n?jobsource=2018indexpoc,
58,國立中山大學_人事室,https://www.104.com.tw/company/1a2x6bkygo?jobsource=jolist_c_relevance,國立中山大學南區促進產業發展研究中心＿創新實證推動組＿副理,https://www.104.com.tw/job/6uws8?jobsource=jolist_c_relevance,Excel PowerPoint Word 
59,台北神策諮詢顧問有限公司,https://www.104.com.tw/company/1a2x6bl2g9?jobsource=2018indexpoc,大數據實施工程師,https://www.104.com.tw/job/6sw4i?jobsource=2018indexpoc,Linux Java ETL MySQL hadoop Google Analytics Google Tag Manager 
60,威朋大數據股份有限公司,https://www.104.com.tw/company/d9tnh1s?jobsource=2018indexpoc,Data Project Manager,https://www.104.com.tw/job/6uakg?jobsource=2018indexpoc,
61,錠嵂保險經紀人股份有限公司,https://www.104.com.tw/company/13n9avfs?jobsource=2018indexpoc,數據/資料分析工程師-台北 (系統推展部),https://www.104.com.tw/job/6l6mm?jobsource=2018indexpoc,
62,富邦媒體科技股份有限公司(富邦momo),https://www.104.com.tw/company/ckkyqvc?jobsource=jolist_c_relevance,J1000 網路購物數據分析師,https://www.104.com.tw/job/4f9xw?jobsource=jolist_c_relevance,Python Access Excel Outlook PowerPoint Word 
63,國泰世華商業銀行股份有限公司_人力資源部,https://www.104.com.tw/company/1xzkino?jobsource=jolist_c_relevance,"【數據生態營運】商業數據分析師(數數發中心, DDT)",https://www.104.com.tw/job/4xn8j?jobsource=jolist_c_relevance,Python R ANSI SQL MS SQL PL/SQL SAS 
64,聯合報股份有限公司,https://www.104.com.tw/company/1quaxzk?jobsource=2018indexpoc,【數據發展部】數據分析師,https://www.104.com.tw/job/4u5lb?jobsource=2018indexpoc,PL/SQL Excel 
65,緯創資通股份有限公司,https://www.104.com.tw/company/5wthkkw?jobsource=2018indexpoc,RS180601-工業工程師,https://www.104.com.tw/job/67up4?jobsource=2018indexpoc,
66,昱峰智能大數據科技股份有限公司,https://www.104.com.tw/company/1a2x6bkbn6?jobsource=2018indexpoc,RD後端工程師,https://www.104.com.tw/job/5x0lo?jobsource=2018indexpoc,Linux Windows Server 2012 SDLC Systems Analysis Python ANSI SQL MySQL RDBMS JavaScript Excel Word 
67,震旦集團_震旦行股份有限公司,https://www.104.com.tw/company/1n0j728?jobsource=jolist_c_relevance,系統分析師,https://www.104.com.tw/job/40d2u?jobsource=jolist_c_relevance,
68,TutorABC_麥奇數位股份有限公司,https://www.104.com.tw/company/1134yk9s?jobsource=2018indexpoc,G0011_大數據分析師,https://www.104.com.tw/job/337bp?jobsource=2018indexpoc,MS SQL Excel PowerPoint Visio 
69,天來數位股份有限公司,https://www.104.com.tw/company/1a2x6bjrwd?jobsource=2018indexpoc,JAVA開發工程師(新竹市),https://www.104.com.tw/job/6wcqm?jobsource=2018indexpoc,ASP.NET C# Java HTML 
70,長佳智能股份有限公司,https://www.104.com.tw/company/1a2x6bkoxb?jobsource=jolist_c_relevance,大數據平台業務專員,https://www.104.com.tw/job/6wta6?jobsource=jolist_c_relevance,Excel PowerPoint Word 
71,泰金寶電通股份有限公司,https://www.104.com.tw/company/co509rs?jobsource=jolist_c_relevance,RC-數據工程師,https://www.104.com.tw/job/6pt7b?jobsource=jolist_c_relevance,
72,群益金鼎證券股份有限公司,https://www.104.com.tw/company/ajnfhyw?jobsource=jolist_c_relevance,【資訊-擴大徵才】軟體設計/程式設計人員 - C/C++、C#、ASP.NET、WEB、APP Developer,https://www.104.com.tw/job/6uwo7?jobsource=jolist_c_relevance,ASP.NET C C# C++ MS SQL HTML jQuery CSS 
73,上銀科技股份有限公司,https://www.104.com.tw/company/asp3v4o?jobsource=jolist_c_relevance,(台中)ERP/MES程式設計師,https://www.104.com.tw/job/27g5r?jobsource=jolist_c_relevance,
74,國立中山大學_資訊工程學系,https://www.104.com.tw/company/1a2x6bibbu?jobsource=jolist_c_relevance,軟體研發研究員 / 中山大學數位內容及多媒體技術研究中心,https://www.104.com.tw/job/4cd5n?jobsource=jolist_c_relevance,Linux C++ PHP MySQL HTML JavaScript jQuery CSS 
75,童綜合醫療社團法人童綜合醫院,https://www.104.com.tw/company/kw8xsls?jobsource=2018indexpoc,童綜合醫院資料分析師,https://www.104.com.tw/job/6t08n?jobsource=2018indexpoc,
76,宇清數位智慧股份有限公司,https://www.104.com.tw/company/1a2x6bi7jh?jobsource=2018indexpoc,軟體工程師,https://www.104.com.tw/job/6o3gp?jobsource=2018indexpoc,C# C++ Python Visual C# Visual C++ MS SQL Oracle PL/SQL PostgreSQL 
77,脫普聚益股份有限公司,https://www.104.com.tw/company/21nuubs?jobsource=jolist_c_relevance,大陸地區-大數據專案特助,https://www.104.com.tw/job/5r7ve?jobsource=jolist_c_relevance,
78,欣興電子股份有限公司,https://www.104.com.tw/company/at8e1vc?jobsource=2018indexpoc,**桃園楊梅新廠** 強力徵求~~ 研發/製程/製程整合/製造/設備/大數據 工程師/高級工程師/儲備幹部,https://www.104.com.tw/job/6w7i7?jobsource=2018indexpoc,Excel Outlook PowerPoint Word 
79,晶峰科技有限公司,https://www.104.com.tw/company/1a2x6bkajh?jobsource=jolist_c_relevance,Golang開發工程師(大數據團隊),https://www.104.com.tw/job/6rp3x?jobsource=jolist_c_relevance,Go MySQL 
80,富智康國際股份有限公司(鴻海集團),https://www.104.com.tw/company/112t1ia8?jobsource=2018indexpoc,【S】Android BSP 研發軟體工程師(新竹),https://www.104.com.tw/job/6qcfd?jobsource=2018indexpoc,Linux Android C C++ 
81,國泰世華商業銀行股份有限公司_人力資源部,https://www.104.com.tw/company/1xzkino?jobsource=2018indexpoc,【風管】企金信用風險模型專業人員,https://www.104.com.tw/job/6ilyj?jobsource=2018indexpoc,ANSI SQL MS SQL PL/SQL SAS 
82,新加坡商第一企劃行銷股份有限公司台灣分公司,https://www.104.com.tw/company/ocmvxwg?jobsource=2018indexpoc,Account Director 業務總監,https://www.104.com.tw/job/63yib?jobsource=2018indexpoc,
83,精誠隨想行動科技股份有限公司,https://www.104.com.tw/company/1a2x6bind7?jobsource=jolist_c_relevance,大數據實施工程師,https://www.104.com.tw/job/6vjv9?jobsource=jolist_c_relevance,
84,遊戲大麥股份有限公司,https://www.104.com.tw/company/1a2x6bko79?jobsource=2018indexpoc,PHP開發技術人員,https://www.104.com.tw/job/6f6ke?jobsource=2018indexpoc,PHP 
85,光研智能股份有限公司,https://www.104.com.tw/company/1a2x6bkqi9?jobsource=jolist_c_relevance,專案經理PM(Project Manager),https://www.104.com.tw/job/6qiwp?jobsource=jolist_c_relevance,Excel Outlook PowerPoint Word 
86,亞太電信股份有限公司,https://www.104.com.tw/company/wifkjug?jobsource=jolist_c_relevance,【AIOT】BDM(Business Development Manager)／智慧物聯網事業發展主管,https://www.104.com.tw/job/6ns1i?jobsource=jolist_c_relevance,
87,華碩電腦股份有限公司,https://www.104.com.tw/company/auxx12g?jobsource=2018indexpoc,AD30064 運籌系統分析師,https://www.104.com.tw/job/4bcxj?jobsource=2018indexpoc,VBA Oracle 
88,氪龍有限公司,https://www.104.com.tw/company/1a2x6bkokl?jobsource=jolist_c_relevance,golang遊戲後端工程師,https://www.104.com.tw/job/6fh0z?jobsource=jolist_c_relevance,Go 
89,浚鴻數據開發股份有限公司,https://www.104.com.tw/company/1a2x6bjck7?jobsource=2018indexpoc,巨量數據分析師,https://www.104.com.tw/job/625op?jobsource=2018indexpoc,
90,緯穎科技服務股份有限公司,https://www.104.com.tw/company/onw9tj4?jobsource=jolist_c_relevance,B0J0-SFCS/MES IT工程師(台南),https://www.104.com.tw/job/6h967?jobsource=jolist_c_relevance,Linux Windows Server 2012 Oracle 
91,歐立威科技股份有限公司,https://www.104.com.tw/company/b8gl75c?jobsource=2018indexpoc,資料倉儲工程師 (資料庫/大數據/巨量資料/資料倉儲)  (新鮮人可),https://www.104.com.tw/job/6r2nr?jobsource=2018indexpoc,
92,威朋大數據股份有限公司,https://www.104.com.tw/company/d9tnh1s?jobsource=jolist_c_relevance,Junior Backend Engineer (RTB),https://www.104.com.tw/job/6pu6b?jobsource=jolist_c_relevance,Linux C Java Scala 
93,美商視龍有限公司台灣分公司,https://www.104.com.tw/company/1a2x6bj31u?jobsource=jolist_c_relevance,大數據軟體工程師 (月薪8萬-20萬),https://www.104.com.tw/job/4qqjx?jobsource=jolist_c_relevance,C++ Java JavaScript 
94,中國醫藥大學附設醫院,https://www.104.com.tw/company/o5x51w0?jobsource=2018indexpoc,10R0 大數據中心-大數據工程師,https://www.104.com.tw/job/5dnio?jobsource=2018indexpoc,Python 
95,威朋大數據股份有限公司,https://www.104.com.tw/company/d9tnh1s?jobsource=2018indexpoc,【Vpon HK】Account Executive,https://www.104.com.tw/job/5ql8i?jobsource=2018indexpoc,
96,信源企業股份有限公司,https://www.104.com.tw/company/arqet2w?jobsource=jolist_c_relevance,【儲備主管】科技資源整合中心儲備主管,https://www.104.com.tw/job/6gnjp?jobsource=jolist_c_relevance,
97,義隆電子股份有限公司,https://www.104.com.tw/company/12no9wsg?jobsource=2018indexpoc,《D-04》系統應用工程師,https://www.104.com.tw/job/6s2hm?jobsource=2018indexpoc,C Python 
98,國泰金控_國泰金融控股股份有限公司,https://www.104.com.tw/company/wjct48g?jobsource=2018indexpoc,"海外數據規劃師(數數發中心, DDT)",https://www.104.com.tw/job/6n1eb?jobsource=2018indexpoc,
99,威朋大數據股份有限公司,https://www.104.com.tw/company/d9tnh1s?jobsource=2018indexpoc,廣告創意企劃Creative Planner,https://www.104.com.tw/job/6hsbw?jobsource=2018indexpoc,Excel PowerPoint Word Adobe Photoshop 
100,唐和股份有限公司,https://www.104.com.tw/company/an0809k?jobsource=jolist_c_relevance,新部門 業務專員,https://www.104.com.tw/job/6wu8e?jobsource=jolist_c_relevance,
101,利勤實業股份有限公司,https://www.104.com.tw/company/7gehdxk?jobsource=2018indexpoc,儲備幹部-經營幕僚 A3CEO002,https://www.104.com.tw/job/6v83n?jobsource=2018indexpoc,
102,光寶科技股份有限公司,https://www.104.com.tw/company/aqae7i0?jobsource=2018indexpoc,Corp MOE-PQE (高雄),https://www.104.com.tw/job/6wuw3?jobsource=2018indexpoc,Excel Outlook PowerPoint Word 
103,格明數位媒體有限公司,https://www.104.com.tw/company/1a2x6bju8m?jobsource=2018indexpoc,Python演算法工程師 (Text Mining/ Data Crawler),https://www.104.com.tw/job/6o3fa?jobsource=2018indexpoc,Python 
104,大數據股份有限公司,https://www.104.com.tw/company/1a2x6bjjhc?jobsource=jolist_c_relevance,資料工讀生(長期工讀),https://www.104.com.tw/job/58je6?jobsource=jolist_c_relevance,
105,台灣樂天市場股份有限公司,https://www.104.com.tw/company/d92vp28?jobsource=2018indexpoc,【日商樂天】系統資料處理助理(DEV),https://www.104.com.tw/job/6uno1?jobsource=2018indexpoc,
106,威朋大數據股份有限公司,https://www.104.com.tw/company/d9tnh1s?jobsource=2018indexpoc,R&D Manager,https://www.104.com.tw/job/6d9c8?jobsource=2018indexpoc,
107,幣丞科技有限公司,https://www.104.com.tw/company/1a2x6bl01m?jobsource=jolist_c_relevance,Back-end Engineer 後端開發工程師 [台北],https://www.104.com.tw/job/6tdu8?jobsource=jolist_c_relevance,Java 
108,大數據股份有限公司,https://www.104.com.tw/company/1a2x6bjjhc?jobsource=jolist_c_relevance,行政人員,https://www.104.com.tw/job/6vc13?jobsource=jolist_c_relevance,Excel Word 
109,晶峰科技有限公司,https://www.104.com.tw/company/1a2x6bkajh?jobsource=jolist_c_relevance,系統分析師SA(大數據團隊),https://www.104.com.tw/job/6vafb?jobsource=jolist_c_relevance,
110,晶峰科技有限公司,https://www.104.com.tw/company/1a2x6bkajh?jobsource=jolist_c_relevance,Java工程師,https://www.104.com.tw/job/5umex?jobsource=jolist_c_relevance,Java Spring MySQL 
111,聯強國際股份有限公司,https://www.104.com.tw/company/aldnfbc?jobsource=2018indexpoc,集團總部供應鏈大數據管理專員(全球第二大IT通路集團),https://www.104.com.tw/job/2tv5q?jobsource=2018indexpoc,
112,宏碁股份有限公司,https://www.104.com.tw/company/9kgoqw8?jobsource=2018indexpoc,【RD】軟體工程師 - 1900546,https://www.104.com.tw/job/6q0hv?jobsource=2018indexpoc,
113,威朋大數據股份有限公司,https://www.104.com.tw/company/d9tnh1s?jobsource=2018indexpoc,行銷專員/公關專員,https://www.104.com.tw/job/6wbv3?jobsource=2018indexpoc,Excel PowerPoint Word 
114,威朋大數據股份有限公司,https://www.104.com.tw/company/d9tnh1s?jobsource=2018indexpoc,【Vpon HK】Regional Business Development Manager,https://www.104.com.tw/job/6cx3b?jobsource=2018indexpoc,
115,零壹科技股份有限公司_Zero One Tech,https://www.104.com.tw/company/e7ef0go?jobsource=jolist_c_relevance,業務專員-備份及大數據產品Veritas & Splunk(BU1),https://www.104.com.tw/job/6vttv?jobsource=jolist_c_relevance,
116,威朋大數據股份有限公司,https://www.104.com.tw/company/d9tnh1s?jobsource=2018indexpoc,Data Business Development Manager,https://www.104.com.tw/job/6tqji?jobsource=2018indexpoc,
117,三商美邦人壽保險股份有限公司_總公司,https://www.104.com.tw/company/12sjgn88?jobsource=jolist_c_relevance,總公司資訊開發一部人員,https://www.104.com.tw/job/6ukpf?jobsource=jolist_c_relevance,
118,STORM CRM Consulting Inc._伺動行銷科技股份有限公司,https://www.104.com.tw/company/5ymdwls?jobsource=2018indexpoc,"總監, 顧問服務部",https://www.104.com.tw/job/4dv7f?jobsource=2018indexpoc,
119,SING_萬寶隆空間設計開發有限公司,https://www.104.com.tw/company/1a2x6bicjz?jobsource=jolist_c_relevance,報價管理儲備幹部,https://www.104.com.tw/job/6uqfy?jobsource=jolist_c_relevance,
120,威朋大數據股份有限公司,https://www.104.com.tw/company/d9tnh1s?jobsource=2018indexpoc,DevOps Engineer(Ad Network),https://www.104.com.tw/job/5bdms?jobsource=2018indexpoc,
121,晶峰科技有限公司,https://www.104.com.tw/company/1a2x6bkajh?jobsource=jolist_c_relevance,大數據產品經理 (Big Data Product Manager) – 信用風險,https://www.104.com.tw/job/6taz0?jobsource=jolist_c_relevance,UML 
122,國泰金控_國泰金融控股股份有限公司,https://www.104.com.tw/company/wjct48g?jobsource=jolist_c_relevance,【金融科法人才培育實習計畫】法律法務實習生,https://www.104.com.tw/job/6u95e?jobsource=jolist_c_relevance,
123,華碩雲端股份有限公司,https://www.104.com.tw/company/wekjlls?jobsource=jolist_c_relevance,國際商務開發業務,https://www.104.com.tw/job/6gdl9?jobsource=jolist_c_relevance,
124,大拇哥證券投資顧問股份有限公司,https://www.104.com.tw/company/1a2x6bjxd3?jobsource=2018indexpoc,金融數據工程師/ Data Engineer,https://www.104.com.tw/job/6w3cn?jobsource=2018indexpoc,Python MS SQL Excel 
125,東森購物_電視購物_東森得易購股份有限公司,https://www.104.com.tw/company/abdz5yx?jobsource=jolist_c_relevance,資深工程師(研發中心),https://www.104.com.tw/job/6ksuo?jobsource=jolist_c_relevance,
126,德翔海運股份有限公司,https://www.104.com.tw/company/ckglx1c?jobsource=2018indexpoc,資訊專員,https://www.104.com.tw/job/5ofza?jobsource=2018indexpoc,Oracle Forms ASP.NET Delphi Developer/ Designer 2000 Visual Studio .net MS SQL Oracle PL/SQL 
127,國立中山大學_南區促進產業發展研究中心,https://www.104.com.tw/company/z0e6doc?jobsource=2018indexpoc,地區產業創新組-副理,https://www.104.com.tw/job/6iaw9?jobsource=2018indexpoc,Excel PowerPoint Word 
128,威朋大數據股份有限公司,https://www.104.com.tw/company/d9tnh1s?jobsource=2018indexpoc,Sr. Marketing Specialist/ Marketing Manager,https://www.104.com.tw/job/6vvcw?jobsource=2018indexpoc,Excel PowerPoint Word 
129,皮克網路有限公司,https://www.104.com.tw/company/1a2x6bjf44?jobsource=2018indexpoc,演算法資料／大數據 工程師！加入台中矽谷,https://www.104.com.tw/job/4nvhg?jobsource=2018indexpoc,
130,LINE Bank_連線商業銀行股份有限公司(籌備處),https://www.104.com.tw/company/1a2x6bl3ek?jobsource=jolist_c_relevance,(LINE Bank) Credit Risk Model Developer,https://www.104.com.tw/job/6ty7c?jobsource=jolist_c_relevance,Python SAS 
131,中國醫藥大學附設醫院,https://www.104.com.tw/company/o5x51w0?jobsource=2018indexpoc,10R0 大數據中心-副研究員/助理研究員,https://www.104.com.tw/job/5h9gd?jobsource=2018indexpoc,
132,友宏整合行銷有限公司,https://www.104.com.tw/company/1a2x6bi2b5?jobsource=jolist_c_relevance,Python大數據AI工程師(新竹),https://www.104.com.tw/job/6f0g4?jobsource=jolist_c_relevance,Linux Python 
133,三陽工業股份有限公司,https://www.104.com.tw/company/b0zd5kg?jobsource=2018indexpoc,商業分析師 / BA (Business Analyst),https://www.104.com.tw/job/6v405?jobsource=2018indexpoc,Python R MS SQL SAS SPSS 
134,新加坡商鈦坦科技股份有限公司台灣分公司,https://www.104.com.tw/company/1a2x6bin60?jobsource=2018indexpoc,Principal Software Engineer / Programmer - Annual Salary 3M+,https://www.104.com.tw/job/57xvg?jobsource=2018indexpoc,ASP.NET C# MS SQL JavaScript jQuery 
135,聯詠科技股份有限公司,https://www.104.com.tw/company/12nopku0?jobsource=2018indexpoc,AITV 平台開發工程師 (SP-PSW1),https://www.104.com.tw/job/6c6ze?jobsource=2018indexpoc,C C++ Java Python 
136,天來數位股份有限公司,https://www.104.com.tw/company/1a2x6bjrwd?jobsource=2018indexpoc,ASP.NET(C#)開發工程師(新竹市),https://www.104.com.tw/job/52ali?jobsource=2018indexpoc,ASP.NET C# Java HTML 
137,遠傳電信股份有限公司,https://www.104.com.tw/company/18n64g34?jobsource=hotjob_chr,B0841 網站數據分析師,https://www.104.com.tw/job/6w0kw?jobsource=hotjob_chr,
138,微電能源股份有限公司,https://www.104.com.tw/company/1a2x6bju46?jobsource=2018indexpoc,環境與電力生態資訊系統 - 巨資演算法程式設計師（竹北）,https://www.104.com.tw/job/5x4hz?jobsource=2018indexpoc,
139,台中商業銀行股份有限公司,https://www.104.com.tw/company/nsyg63k?jobsource=2018indexpoc,資訊部門-程式設計人員-(台中地區),https://www.104.com.tw/job/6cwzu?jobsource=2018indexpoc,
140,大數據股份有限公司,https://www.104.com.tw/company/1a2x6bjjhc?jobsource=jolist_c_relevance,影音編輯,https://www.104.com.tw/job/6utzy?jobsource=jolist_c_relevance,Premiere Adobe Photoshop Illustrator Final Cut ProX 
141,巨量場域服務股份有限公司,https://www.104.com.tw/company/1a2x6bl52u?jobsource=jolist_c_relevance,設計業務助理,https://www.104.com.tw/job/6vjh1?jobsource=jolist_c_relevance,Director Flash Lightwave Adobe Photoshop Illustrator Sketch AutoCAD Revit DIALux ArchiCAD 
142,聯捷創新股份有限公司,https://www.104.com.tw/company/1a2x6bkanf?jobsource=jolist_c_relevance,大數據工程師 (Big Data、AI),https://www.104.com.tw/job/6azr4?jobsource=jolist_c_relevance,
143,鴻海精密工業股份有限公司,https://www.104.com.tw/company/233rv1s?jobsource=jolist_c_relevance,大數據資料處理工程師(2020RAISE計畫),https://www.104.com.tw/job/6rhp6?jobsource=jolist_c_relevance,
144,路易莎職人咖啡股份有限公司,https://www.104.com.tw/company/1a2x6bjwfs?jobsource=2018indexpoc,路易莎咖啡 總公司-MIS工程師,https://www.104.com.tw/job/6pcji?jobsource=2018indexpoc,
145,新加坡商鈦坦科技股份有限公司台灣分公司,https://www.104.com.tw/company/1a2x6bin60?jobsource=2018indexpoc,Principal Software Engineer / Programmer 首席軟體工程師(台中市政府旁),https://www.104.com.tw/job/57xw3?jobsource=2018indexpoc,ASP.NET C# MS SQL JavaScript jQuery 
146,意藍資訊股份有限公司,https://www.104.com.tw/company/1a2x6bjjlo?jobsource=2018indexpoc,市場分析師 / 行銷分析師 (客戶開發),https://www.104.com.tw/job/5akbv?jobsource=2018indexpoc,PowerPoint Word 
147,聯合再生能源股份有限公司,https://www.104.com.tw/company/cr5tkx4?jobsource=2018indexpoc,(新竹)產品行銷管理師,https://www.104.com.tw/job/6u7n7?jobsource=2018indexpoc,
148,中華開發金融控股股份有限公司(凱基證券)(凱基銀行),https://www.104.com.tw/company/wjcsmhk?jobsource=2018indexpoc,客群數據分析人員(凱基證券),https://www.104.com.tw/job/5jtrd?jobsource=2018indexpoc,
149,環興科技股份有限公司,https://www.104.com.tw/company/b6218rk?jobsource=2018indexpoc,軟體工程師,https://www.104.com.tw/job/6c13d?jobsource=2018indexpoc,
150,國泰世華商業銀行股份有限公司_人力資源部,https://www.104.com.tw/company/1xzkino?jobsource=2018indexpoc,"【數據生態營運】資料科學工程師 (數數發中心,DDT)",https://www.104.com.tw/job/6v7pz?jobsource=2018indexpoc,ETL hadoop Hive 
151,財團法人生物技術開發中心,https://www.104.com.tw/company/2kmb67c?jobsource=jolist_c_relevance,【數位健康規劃小組】研究員/副研究員,https://www.104.com.tw/job/6vtg0?jobsource=jolist_c_relevance,
152,建騰創達科技股份有限公司,https://www.104.com.tw/company/10zdug8w?jobsource=2018indexpoc,SM2425  國外業務 Sales Account Manager,https://www.104.com.tw/job/6tvxa?jobsource=2018indexpoc,
153,大數據股份有限公司,https://www.104.com.tw/company/1a2x6bjjhc?jobsource=2018indexpoc,客戶服務實習生,https://www.104.com.tw/job/6nspq?jobsource=2018indexpoc,Excel PowerPoint Word 
154,宇清數位智慧股份有限公司,https://www.104.com.tw/company/1a2x6bi7jh?jobsource=2018indexpoc,國內外業務人員,https://www.104.com.tw/job/511tt?jobsource=2018indexpoc,Excel PowerPoint Word 
155,"保聖那管理顧問股份有限公司(Pasona Taiwan Co., Ltd.)",https://www.104.com.tw/company/1a2x6biz5w?jobsource=2018indexpoc,電商營運主管-日系服飾品牌商-TW05626-039-884,https://www.104.com.tw/job/6nkxa?jobsource=2018indexpoc,
156,台灣析數資訊股份有限公司,https://www.104.com.tw/company/ofnqhsw?jobsource=jolist_c_relevance,統計分析/數據分析/資料採礦分析技術顧問人員,https://www.104.com.tw/job/3f0ju?jobsource=jolist_c_relevance,Python R MS SQL Excel Word SAS SPSS 
157,昱峰智能大數據科技股份有限公司,https://www.104.com.tw/company/1a2x6bkbn6?jobsource=2018indexpoc,品牌行銷經理,https://www.104.com.tw/job/5x4ri?jobsource=2018indexpoc,
158,中國信託商業銀行股份有限公司,https://www.104.com.tw/company/1ew38w0?jobsource=jolist_c_relevance,科技金融_高級企業架構師,https://www.104.com.tw/job/6vhur?jobsource=jolist_c_relevance,
159,威朋大數據股份有限公司,https://www.104.com.tw/company/d9tnh1s?jobsource=jolist_c_relevance,Full-Stack Engineer  (RTB),https://www.104.com.tw/job/6qf4k?jobsource=jolist_c_relevance,Linux UNIX HTML JavaScript CSS 
160,ETC＿遠通電收股份有限公司,https://www.104.com.tw/company/19dh8x2w?jobsource=jolist_c_relevance,人力資源部 資深專員,https://www.104.com.tw/job/6m069?jobsource=jolist_c_relevance,Excel Internet Explorer Outlook PowerPoint 
161,大數據股份有限公司,https://www.104.com.tw/company/1a2x6bjjhc?jobsource=2018indexpoc,香港大數據分析實習生（須精通粵語）,https://www.104.com.tw/job/6py1j?jobsource=2018indexpoc,Excel PowerPoint Word SAS SPSS 
162,鴻海集團_英屬開曼群島商鴻騰精密科技股份有限公司台灣分公司,https://www.104.com.tw/company/1a2x6bkbyd?jobsource=jolist_c_relevance,大數據後端開發工程師,https://www.104.com.tw/job/6km0j?jobsource=jolist_c_relevance,
163,昱峰智能大數據科技股份有限公司,https://www.104.com.tw/company/1a2x6bkbn6?jobsource=2018indexpoc,商業開發合作顧問,https://www.104.com.tw/job/6wtgm?jobsource=2018indexpoc,
164,華南產物保險股份有限公司,https://www.104.com.tw/company/1kh9gso?jobsource=2018indexpoc,資訊分析人員,https://www.104.com.tw/job/6i9sr?jobsource=2018indexpoc,
165,威朋大數據股份有限公司,https://www.104.com.tw/company/d9tnh1s?jobsource=2018indexpoc,Account Manager,https://www.104.com.tw/job/5zmto?jobsource=2018indexpoc,Excel PowerPoint Word 
166,國泰金控_國泰金融控股股份有限公司,https://www.104.com.tw/company/wjct48g?jobsource=jolist_c_relevance,法律法務專業人員,https://www.104.com.tw/job/6tfnd?jobsource=jolist_c_relevance,
167,光寶科技股份有限公司,https://www.104.com.tw/company/aqae7i0?jobsource=2018indexpoc,Corp MOE-PQE (台北),https://www.104.com.tw/job/4eaap?jobsource=2018indexpoc,Excel Outlook PowerPoint Word 
168,國泰世華商業銀行股份有限公司_人力資源部,https://www.104.com.tw/company/1xzkino?jobsource=jolist_c_relevance,"【數據生態營運】風險數據分析師(數數發中心, DDT)",https://www.104.com.tw/job/6oan2?jobsource=jolist_c_relevance,
169,緯創資通股份有限公司,https://www.104.com.tw/company/5wthkkw?jobsource=2018indexpoc,資料分析顧問 _ 汐止 _ 00000,https://www.104.com.tw/job/69buc?jobsource=2018indexpoc,
170,眾匯智能健康股份有限公司,https://www.104.com.tw/company/7hqkeah?jobsource=hotjob_chr,行銷專員/經理,https://www.104.com.tw/job/6p0ju?jobsource=hotjob_chr,
171,薩摩亞商長穩智能管理有限公司,https://www.104.com.tw/company/1a2x6bjmmv?jobsource=2018indexpoc,人工智慧研發工程師,https://www.104.com.tw/job/6fape?jobsource=2018indexpoc,Linux Windows Server 2008 Windows Server 2012 ASP.NET C C# C++ Python R MySQL hadoop 
172,晶峰科技有限公司,https://www.104.com.tw/company/1a2x6bkajh?jobsource=2018indexpoc,大數據工程師(Senior),https://www.104.com.tw/job/6qcly?jobsource=2018indexpoc,Java ETL MySQL hadoop Hive 
173,訊揚科技有限公司,https://www.104.com.tw/company/10wdu9pk?jobsource=2018indexpoc,系統應用工程師,https://www.104.com.tw/job/5zcnv?jobsource=2018indexpoc,Windows Server 2008 Windows Server 2012 MySQL HTML Excel PowerPoint Word 
174,GARMIN_台灣國際航電股份有限公司,https://www.104.com.tw/company/at3fhmo?jobsource=2018indexpoc,工業4.0百人招募專案!!Garmin Asia 製造工程處_C#軟體架構師_汐止/林口,https://www.104.com.tw/job/6jw66?jobsource=2018indexpoc,ASP.NET C# JavaScript 
175,威朋大數據股份有限公司,https://www.104.com.tw/company/d9tnh1s?jobsource=2018indexpoc,【Vpon JP】Account Manager,https://www.104.com.tw/job/6plyg?jobsource=2018indexpoc,
176,"(越南)通用製鞋工業有限公司_GENERAL SHOES CO.,LTD",https://www.104.com.tw/company/1a2x6bkvfr?jobsource=jolist_c_relevance,工業工程師(IE),https://www.104.com.tw/job/6me5x?jobsource=jolist_c_relevance,
177,台灣群思科技有限公司,https://www.104.com.tw/company/1a2x6bipev?jobsource=jolist_c_relevance,交付工程師-大數據交付服務,https://www.104.com.tw/job/6v8j2?jobsource=jolist_c_relevance,
178,格程科技有限公司,https://www.104.com.tw/company/1a2x6bkzbf?jobsource=jolist_c_relevance,大數據研發工程師(台大),https://www.104.com.tw/job/6tg8y?jobsource=jolist_c_relevance,
179,致伸科技股份有限公司,https://www.104.com.tw/company/cv6lny8?jobsource=jolist_c_relevance,大數據系統管理專員,https://www.104.com.tw/job/6w3bb?jobsource=jolist_c_relevance,
180,昱冠資訊股份有限公司,https://www.104.com.tw/company/1a2x6bishn?jobsource=2018indexpoc,大數據研發工程師,https://www.104.com.tw/job/6ej3n?jobsource=2018indexpoc,
181,國立中山大學_南區促進產業發展研究中心,https://www.104.com.tw/company/z0e6doc?jobsource=jolist_c_relevance,創新實證推動組-副理,https://www.104.com.tw/job/6iawg?jobsource=jolist_c_relevance,Excel PowerPoint Word 
182,健行學校財團法人健行科技大學,https://www.104.com.tw/company/ko9ibcg?jobsource=2018indexpoc,健行科技大學推廣教育中心講師-大數據分析,https://www.104.com.tw/job/62lgt?jobsource=2018indexpoc,
183,STORM CRM Consulting Inc._伺動行銷科技股份有限公司,https://www.104.com.tw/company/5ymdwls?jobsource=2018indexpoc,大數據產品專員,https://www.104.com.tw/job/54poh?jobsource=2018indexpoc,
184,威朋大數據股份有限公司,https://www.104.com.tw/company/d9tnh1s?jobsource=2018indexpoc,Data Project Manager (based in Indonesia),https://www.104.com.tw/job/6tr3v?jobsource=2018indexpoc,
185,威朋大數據股份有限公司,https://www.104.com.tw/company/d9tnh1s?jobsource=2018indexpoc,IT Project Manager(數位轉型專案)/IT Support Manager,https://www.104.com.tw/job/6lmim?jobsource=2018indexpoc,Linux Mac OS OS X UNIX Windows 2003 Windows Server 2008 Windows 8 Windows Server 2012 MS SQL MySQL Vmware Cisco LDAP PPPoE 鼎新 
186,威朋大數據股份有限公司,https://www.104.com.tw/company/d9tnh1s?jobsource=2018indexpoc,Data Analyst (based in Indonesia),https://www.104.com.tw/job/6tr3y?jobsource=2018indexpoc,Linux Python R 
187,威朋大數據股份有限公司,https://www.104.com.tw/company/d9tnh1s?jobsource=2018indexpoc,Backend Engineering Lead  (Advertising),https://www.104.com.tw/job/6ejpc?jobsource=2018indexpoc,C C++ Java 
188,綠農電科股份有限公司,https://www.104.com.tw/company/1a2x6bkjpv?jobsource=2018indexpoc,水產養殖AIoT專案經理,https://www.104.com.tw/job/6wsjf?jobsource=2018indexpoc,
189,昱峰智能大數據科技股份有限公司,https://www.104.com.tw/company/1a2x6bkbn6?jobsource=2018indexpoc,前端設計工程師,https://www.104.com.tw/job/5x5ui?jobsource=2018indexpoc,DHTML HTML JavaScript XHTML jQuery Adobe Photoshop Illustrator 
190,威朋大數據股份有限公司,https://www.104.com.tw/company/d9tnh1s?jobsource=2018indexpoc,Senior Backend Engineer (AdNetwork),https://www.104.com.tw/job/6pu4n?jobsource=2018indexpoc,
191,昱峰智能大數據科技股份有限公司,https://www.104.com.tw/company/1a2x6bkbn6?jobsource=2018indexpoc,客戶經理,https://www.104.com.tw/job/6se98?jobsource=2018indexpoc,
192,大數據股份有限公司,https://www.104.com.tw/company/1a2x6bjjhc?jobsource=2018indexpoc,品牌行銷企劃,https://www.104.com.tw/job/6w4x7?jobsource=2018indexpoc,Excel PowerPoint Word 
193,北祥股份有限公司,https://www.104.com.tw/company/9mb0ddc?jobsource=2018indexpoc,Node.js系統開發工程師(創新部門),https://www.104.com.tw/job/4jzw2?jobsource=2018indexpoc,
194,台塑_臺灣塑膠工業股份有限公司,https://www.104.com.tw/company/ys2lc2g?jobsource=2018indexpoc,AI 工程師(越鋼專案-越南台塑河靜鋼鐵),https://www.104.com.tw/job/6r9dw?jobsource=2018indexpoc,Windows 10 C# C++ Java Python R MS SQL Adobe Acrobat Excel Internet Explorer Outlook PowerPoint Word 
195,竹間智能科技有限公司,https://www.104.com.tw/company/1a2x6bjgac?jobsource=2018indexpoc,Backend/ Full Stack Engineer (Java/ Python /Golang preferred),https://www.104.com.tw/job/4ph88?jobsource=2018indexpoc,
196,大數據股份有限公司,https://www.104.com.tw/company/1a2x6bjjhc?jobsource=jolist_c_relevance,香港網站編輯企劃（須精通粵語）,https://www.104.com.tw/job/6cvdu?jobsource=jolist_c_relevance,
197,台北神策諮詢顧問有限公司,https://www.104.com.tw/company/1a2x6bl2g9?jobsource=2018indexpoc,前端研發工程師,https://www.104.com.tw/job/6uzv0?jobsource=2018indexpoc,HTML JavaScript CSS 
198,國家中山科學研究院,https://www.104.com.tw/company/1a2x6bj5xc?jobsource=jolist_c_relevance,系統製造中心109年度第一次專案人力進用-15.研發類-電子/電機/機械/資訊,https://www.104.com.tw/job/6wcuo?jobsource=jolist_c_relevance,
199,富鴻網股份有限公司,https://www.104.com.tw/company/1a2x6bjcm3?jobsource=2018indexpoc,智慧農業應用/通路經銷規劃與業務專案管理師,https://www.104.com.tw/job/68u3y?jobsource=2018indexpoc,
200,國泰世華商業銀行股份有限公司_人力資源部,https://www.104.com.tw/company/1xzkino?jobsource=2018indexpoc,【2020校徵】數據工程師,https://www.104.com.tw/job/5z9bf?jobsource=2018indexpoc,Linux hadoop Hive 
201,龍華科技大學,https://www.104.com.tw/company/ko9cpyg?jobsource=2018indexpoc,機械工程系徵聘助理教授1名,https://www.104.com.tw/job/6lsw7?jobsource=2018indexpoc,
202,威朋大數據股份有限公司,https://www.104.com.tw/company/d9tnh1s?jobsource=2018indexpoc,廣告優化經理Campaign Manager,https://www.104.com.tw/job/4lj4b?jobsource=2018indexpoc,Excel PowerPoint 
203,動力安全資訊股份有限公司,https://www.104.com.tw/company/10vcwn74?jobsource=2018indexpoc,大數據 工程師,https://www.104.com.tw/job/4jnp8?jobsource=2018indexpoc,
204,華梵大學,https://www.104.com.tw/company/11n3o6y?jobsource=2018indexpoc,推廣教育處-商業智慧與大數據學苑-大數據相關課程專家與師資,https://www.104.com.tw/job/6t2ti?jobsource=2018indexpoc,
205,晶峰科技有限公司,https://www.104.com.tw/company/1a2x6bkajh?jobsource=jolist_c_relevance,軟體測試工程師(大數據團隊),https://www.104.com.tw/job/6psh4?jobsource=jolist_c_relevance,
206,威朋大數據股份有限公司,https://www.104.com.tw/company/d9tnh1s?jobsource=2018indexpoc,數據工程師 Data Engineer,https://www.104.com.tw/job/5dbhe?jobsource=2018indexpoc,
207,威朋大數據股份有限公司,https://www.104.com.tw/company/d9tnh1s?jobsource=jolist_c_relevance,Senior Site Reliability Engineer (Advertising),https://www.104.com.tw/job/6db41?jobsource=jolist_c_relevance,
208,物聯網股份有限公司,https://www.104.com.tw/company/1a2x6bk3uw?jobsource=2018indexpoc,智能專案工程師-台北(DL1)※歡迎應屆畢業生加入※,https://www.104.com.tw/job/6ckh3?jobsource=2018indexpoc,
209,昱冠資訊股份有限公司,https://www.104.com.tw/company/1a2x6bishn?jobsource=2018indexpoc,大數據與AI人工智慧/專案工程師/PM,https://www.104.com.tw/job/5nx3b?jobsource=2018indexpoc,
210,昱峰智能大數據科技股份有限公司,https://www.104.com.tw/company/1a2x6bkbn6?jobsource=2018indexpoc,RD全端工程師,https://www.104.com.tw/job/62za4?jobsource=2018indexpoc,Linux SDLC Python ANSI SQL RDBMS DHTML HTML JavaScript jQuery 
211,中興測量有限公司,https://www.104.com.tw/company/ngppp74?jobsource=2018indexpoc,影像處理工程師,https://www.104.com.tw/job/3r5cu?jobsource=2018indexpoc,ArcGis 
212,世紀貿易股份有限公司,https://www.104.com.tw/company/20hvafk?jobsource=2018indexpoc,CE-軟體工程師,https://www.104.com.tw/job/5gb6v?jobsource=2018indexpoc,
213,美而快實業股份有限公司,https://www.104.com.tw/company/2hevrao?jobsource=2018indexpoc,資深研發工程師,https://www.104.com.tw/job/5frqm?jobsource=2018indexpoc,
214,新鉅科技股份有限公司,https://www.104.com.tw/company/wi1p34w?jobsource=jolist_c_relevance,精科廠 - 智動化程式設計工程師,https://www.104.com.tw/job/6waib?jobsource=jolist_c_relevance,C# C++ Python PLC 
215,INTECHWORLD INC.,https://www.104.com.tw/company/1a2x6bl0vz?jobsource=2018indexpoc,Hadoop大數據工程師(歡迎到菲律賓展開精采的海外人生),https://www.104.com.tw/job/6ravz?jobsource=2018indexpoc,
216,緯創軟體股份有限公司,https://www.104.com.tw/company/13u3sbvs?jobsource=jolist_c_relevance,【 2020軟體技術人才招募】大數據工程師,https://www.104.com.tw/job/69zh1?jobsource=jolist_c_relevance,Java ETL MS SQL 
217,晶峰科技有限公司,https://www.104.com.tw/company/1a2x6bkajh?jobsource=jolist_c_relevance,Vue.js前端開發工程師 (大數據團隊),https://www.104.com.tw/job/6qcko?jobsource=jolist_c_relevance,Java VueJS 
218,GARMIN_台灣國際航電股份有限公司,https://www.104.com.tw/company/at3fhmo?jobsource=2018indexpoc,工業4.0百人招募專案!!Garmin Asia 製造工程處_機電/電控工程師_汐止/林口,https://www.104.com.tw/job/5egrl?jobsource=2018indexpoc,
219,群益金鼎證券股份有限公司,https://www.104.com.tw/company/ajnfhyw?jobsource=jolist_c_relevance,【資訊-擴大徵才】軟體設計/資深程式設計人員 -C/C++、C#、ASP.NET、WEB、APP Developer,https://www.104.com.tw/job/6uwns?jobsource=jolist_c_relevance,ASP.NET C C# C++ MS SQL HTML jQuery CSS 
220,中佑資訊有限公司,https://www.104.com.tw/company/d5ec074?jobsource=2018indexpoc,資深大數據工程師 ( Spark & Hadoop ),https://www.104.com.tw/job/6sxyj?jobsource=2018indexpoc,Java hadoop 
221,資策會_財團法人資訊工業策進會,https://www.104.com.tw/company/2byd7nl?jobsource=jolist_c_relevance,【數位所】產業分析師,https://www.104.com.tw/job/6uh7s?jobsource=jolist_c_relevance,
222,萬寶華企業管理顧問股份有限公司,https://www.104.com.tw/company/7e28f7c?jobsource=2018indexpoc,大數據工程師/人工智慧軟體工程師 (台中) 702,https://www.104.com.tw/job/6svd0?jobsource=2018indexpoc,
223,華碩電腦股份有限公司,https://www.104.com.tw/company/auxx12g?jobsource=2018indexpoc,AD30075 商用智能報表管理師,https://www.104.com.tw/job/2w7m4?jobsource=2018indexpoc,VBA Oracle 
224,零壹科技股份有限公司_Zero One Tech,https://www.104.com.tw/company/e7ef0go?jobsource=jolist_c_relevance,資深資料分析工程師-專案(服務平台中心),https://www.104.com.tw/job/6wfp5?jobsource=jolist_c_relevance,Oracle 
225,美而快實業股份有限公司,https://www.104.com.tw/company/2hevrao?jobsource=2018indexpoc,電商營銷主管,https://www.104.com.tw/job/5pkyd?jobsource=2018indexpoc,Excel Outlook PowerPoint Word 
226,薩摩亞商長穩智能管理有限公司,https://www.104.com.tw/company/1a2x6bjmmv?jobsource=2018indexpoc,資深軟體工程師,https://www.104.com.tw/job/4xegl?jobsource=2018indexpoc,ASP.NET Java MySQL PostgreSQL 
227,就業情報資訊股份有限公司桃園分公司,https://www.104.com.tw/company/1a2x6bl2yg?jobsource=2018indexpoc,IT Head ,https://www.104.com.tw/job/6wur9?jobsource=2018indexpoc,
228,台灣資料科學股份有限公司,https://www.104.com.tw/company/1a2x6bkvhu?jobsource=jolist_c_relevance,數據工程師,https://www.104.com.tw/job/6mnfq?jobsource=jolist_c_relevance,Python PL/SQL 
229,建騰創達科技股份有限公司,https://www.104.com.tw/company/10zdug8w?jobsource=2018indexpoc,CI1100 .Net C# 軟體工程師 Software Engineer,https://www.104.com.tw/job/59ljh?jobsource=2018indexpoc,
230,昱峰智能大數據科技股份有限公司,https://www.104.com.tw/company/1a2x6bkbn6?jobsource=2018indexpoc,PCB 製程產品良率工程師,https://www.104.com.tw/job/6vkkm?jobsource=2018indexpoc,
231,和泰汽車股份有限公司,https://www.104.com.tw/company/1hrmizk?jobsource=jolist_c_relevance,資安營運規畫專員,https://www.104.com.tw/job/6ecn2?jobsource=jolist_c_relevance,
232,榮泰創數據股份有限公司,https://www.104.com.tw/company/1a2x6bk3nl?jobsource=jolist_c_relevance,社群口碑分析師,https://www.104.com.tw/job/5jv57?jobsource=jolist_c_relevance,Excel PowerPoint Adobe Photoshop 
233,台灣大車隊股份有限公司,https://www.104.com.tw/company/cr8bru0?jobsource=jolist_c_relevance,大數據發展事業處-(資深)數據分析師,https://www.104.com.tw/job/6v2kz?jobsource=jolist_c_relevance,MS SQL Excel 
234,醫療財團法人羅許基金會羅東博愛醫院,https://www.104.com.tw/company/jap2040?jobsource=jolist_c_relevance,大數據中心-數據分析管理師,https://www.104.com.tw/job/6lyqr?jobsource=jolist_c_relevance,SAS SPSS 
235,大拇哥證券投資顧問股份有限公司,https://www.104.com.tw/company/1a2x6bjxd3?jobsource=jolist_c_relevance,量化投資工程師,https://www.104.com.tw/job/6vt43?jobsource=jolist_c_relevance,
236,普安科技股份有限公司,https://www.104.com.tw/company/12nyb2c0?jobsource=2018indexpoc,【AI】影像數據分析工程師,https://www.104.com.tw/job/6kh0v?jobsource=2018indexpoc,
237,建騰創達科技股份有限公司,https://www.104.com.tw/company/10zdug8w?jobsource=2018indexpoc,SM2271 國外業務(美國區) Sales Account Manager for USA Market,https://www.104.com.tw/job/53ni2?jobsource=2018indexpoc,
238,鼎新電腦股份有限公司,https://www.104.com.tw/company/d6coi34?jobsource=jolist_c_relevance,【新服務研發中心】(數據洞察) 資深工程師,https://www.104.com.tw/job/6uuhk?jobsource=jolist_c_relevance,Linux Shell UML Java 
239,中國石油化學工業開發股份有限公司,https://www.104.com.tw/company/1f0kpe0?jobsource=2018indexpoc,指揮中心-助理管理師,https://www.104.com.tw/job/6vkqz?jobsource=2018indexpoc,
240,中國信託商業銀行股份有限公司,https://www.104.com.tw/company/1ew38w0?jobsource=jolist_c_relevance,個金_放款產品行銷人員,https://www.104.com.tw/job/4i91n?jobsource=jolist_c_relevance,
241,91APP_九易宇軒股份有限公司,https://www.104.com.tw/company/1a2x6bio5g?jobsource=2018indexpoc,Big Data Solution PO 大數據應用產品經理,https://www.104.com.tw/job/660xg?jobsource=2018indexpoc,
242,驊宏資通集團_駿永資訊科技股份有限公司,https://www.104.com.tw/company/1a2x6bi7ai?jobsource=2018indexpoc,資深雲端服務開發工程師,https://www.104.com.tw/job/6jpdc?jobsource=2018indexpoc,ASP.NET 
243,威朋大數據股份有限公司,https://www.104.com.tw/company/d9tnh1s?jobsource=2018indexpoc,【Vpon JP】Sr. Ad Sales Manager,https://www.104.com.tw/job/6ply9?jobsource=2018indexpoc,
244,資誠企業管理顧問股份有限公司,https://www.104.com.tw/company/1a2x6bj9j3?jobsource=2018indexpoc,C.顧問類-數位金融資深顧問(FinTech),https://www.104.com.tw/job/5q34q?jobsource=2018indexpoc,SAS 
245,昱峰智能大數據科技股份有限公司,https://www.104.com.tw/company/1a2x6bkbn6?jobsource=2018indexpoc,產品良率工程/製程整合 數據分析 產品經理,https://www.104.com.tw/job/6ta63?jobsource=2018indexpoc,
246,台新金控_台新國際商業銀行股份有限公司,https://www.104.com.tw/company/13qvhzjs?jobsource=jolist_c_relevance,〔個金〕客群-模型分析師 (台北),https://www.104.com.tw/job/65vjt?jobsource=jolist_c_relevance,Python R MS SQL MySQL SAS 
247,信義房屋股份有限公司,https://www.104.com.tw/company/a9pjy3k?jobsource=2018indexpoc,【信義房屋】雲端數據工程師(Data Engineer),https://www.104.com.tw/job/6vcqr?jobsource=2018indexpoc,Python MS SQL 
248,永豐商業銀行股份有限公司,https://www.104.com.tw/company/13qu7sqo?jobsource=2018indexpoc,B-零售金融處-存款商品規劃人員-銀行,https://www.104.com.tw/job/6wmn7?jobsource=2018indexpoc,Excel PowerPoint Word 
249,東宏國際開發股份有限公司,https://www.104.com.tw/company/aq53wf4?jobsource=2018indexpoc,【東宏光電科技】資訊主管,https://www.104.com.tw/job/6wtd5?jobsource=2018indexpoc,
250,威朋大數據股份有限公司,https://www.104.com.tw/company/d9tnh1s?jobsource=jolist_c_relevance,Senior Backend Engineer (RTB),https://www.104.com.tw/job/6pu56?jobsource=jolist_c_relevance,Linux C C++ Java Scala 
251,昌榮網絡科技有限公司,https://www.104.com.tw/company/1a2x6bktl4?jobsource=2018indexpoc,JAVA 全端工程師,https://www.104.com.tw/job/6konx?jobsource=2018indexpoc,Linux Java Spring MySQL J2EE 
252,智聯服務股份有限公司,https://www.104.com.tw/company/1a2x6bkwwg?jobsource=2018indexpoc,【IT】資料分析人員 (新竹),https://www.104.com.tw/job/6th8v?jobsource=2018indexpoc,MS SQL Excel 
253,合華科技股份有限公司,https://www.104.com.tw/company/abf8u9c?jobsource=2018indexpoc,AI 大數據研究員,https://www.104.com.tw/job/506eh?jobsource=2018indexpoc,
254,美隆工業股份有限公司,https://www.104.com.tw/company/fi62oiw?jobsource=jolist_c_relevance,自動化軟體工程師,https://www.104.com.tw/job/6qqoj?jobsource=jolist_c_relevance,
255,精誠資訊股份有限公司,https://www.104.com.tw/company/18pcqfps?jobsource=2018indexpoc,數據工程師-E10C,https://www.104.com.tw/job/6r38m?jobsource=2018indexpoc,
256,大數據股份有限公司,https://www.104.com.tw/company/1a2x6bjjhc?jobsource=jolist_c_relevance,駐點社群小編,https://www.104.com.tw/job/6wahn?jobsource=jolist_c_relevance,
257,豐譽營造股份有限公司,https://www.104.com.tw/company/1a2x6bia3y?jobsource=2018indexpoc,臺馬專案管理與資訊科技中心、淡江大學工程法律中心工讀生(淡江大學產學合作),https://www.104.com.tw/job/6lajk?jobsource=2018indexpoc,Visual C# 
258,萬寶華企業管理顧問股份有限公司,https://www.104.com.tw/company/7e28f7c?jobsource=jolist_c_relevance,資料工程師 (Data Engineer)年薪可達95萬(面議) _501YS,https://www.104.com.tw/job/6wnds?jobsource=jolist_c_relevance,
259,太引資訊系統股份有限公司,https://www.104.com.tw/company/10qb84v4?jobsource=jolist_c_relevance,大數據軟體系統整合工程師(新竹),https://www.104.com.tw/job/6vwfv?jobsource=jolist_c_relevance,Linux Windows 10 Java Python Excel PowerPoint Word 
260,迪麥科技股份有限公司,https://www.104.com.tw/company/wfjhxrc?jobsource=jolist_c_relevance,AI 大數據軟體工程師,https://www.104.com.tw/job/6bf1q?jobsource=jolist_c_relevance,Linux Shell Oracle 
261,LINE TV_巧克科技新媒體股份有限公司,https://www.104.com.tw/company/1a2x6bk4uh?jobsource=2018indexpoc,LINE TV 數據工程師(Data Engineer),https://www.104.com.tw/job/6wf1y?jobsource=2018indexpoc,
262,髮拉儷皮膚科診所,https://www.104.com.tw/company/1a2x6bj312?jobsource=2018indexpoc,人工智慧及大數據工程師,https://www.104.com.tw/job/5qcze?jobsource=2018indexpoc,
263,威朋大數據股份有限公司,https://www.104.com.tw/company/d9tnh1s?jobsource=2018indexpoc,網頁設計師 / 視覺設計師,https://www.104.com.tw/job/6wget?jobsource=2018indexpoc,DHTML HTML JavaScript jQuery CSS Excel PowerPoint Word Adobe Photoshop 
264,晶峰科技有限公司,https://www.104.com.tw/company/1a2x6bkajh?jobsource=jolist_c_relevance,資料科學家 (大數據團隊),https://www.104.com.tw/job/6vj24?jobsource=jolist_c_relevance,Python MySQL hadoop Hive 
265,晶峰科技有限公司,https://www.104.com.tw/company/1a2x6bkajh?jobsource=jolist_c_relevance,大數據產品經理 (Big Data Product Manager) – 市場調查,https://www.104.com.tw/job/6vbv1?jobsource=jolist_c_relevance,
266,台北富邦商業銀行股份有限公司,https://www.104.com.tw/company/1q0r45c?jobsource=2018indexpoc,資料工程師,https://www.104.com.tw/job/6w72y?jobsource=2018indexpoc,
267,晶峰科技有限公司,https://www.104.com.tw/company/1a2x6bkajh?jobsource=2018indexpoc,大數據工程師,https://www.104.com.tw/job/6qclu?jobsource=2018indexpoc,Java ETL MySQL hadoop Hive 
268,INTECHWORLD INC.,https://www.104.com.tw/company/1a2x6bl0vz?jobsource=2018indexpoc,【薪優福利佳】Golang開發工程師(大數據團隊)-(台北)-C,https://www.104.com.tw/job/6wo8b?jobsource=2018indexpoc,
269,意藍資訊股份有限公司,https://www.104.com.tw/company/1a2x6bjjlo?jobsource=2018indexpoc,Java網站工程師,https://www.104.com.tw/job/6jq6z?jobsource=2018indexpoc,Java JSP HTML 
270,威朋大數據股份有限公司,https://www.104.com.tw/company/d9tnh1s?jobsource=2018indexpoc,【Vpon SH】Account Manager,https://www.104.com.tw/job/60oeb?jobsource=2018indexpoc,Excel PowerPoint Word 
271,新代科技股份有限公司,https://www.104.com.tw/company/156tqe2w?jobsource=2018indexpoc,工業工程師,https://www.104.com.tw/job/6d1w9?jobsource=2018indexpoc,
272,薩摩亞商長穩智能管理有限公司,https://www.104.com.tw/company/1a2x6bjmmv?jobsource=2018indexpoc,雲平台開發主管,https://www.104.com.tw/job/6rfqh?jobsource=2018indexpoc,Linux Windows Server 2008 Android Windows Server 2012 ASP.NET C# Java Visual Studio MS SQL MySQL hadoop AWS VBScript SAN 
273,國泰世華商業銀行股份有限公司_人力資源部,https://www.104.com.tw/company/1xzkino?jobsource=2018indexpoc,"【數據生態營運】資料科學分析師 -數據應用 (數數發中心,DDT)",https://www.104.com.tw/job/6v7kl?jobsource=2018indexpoc,Linux Shell Python ETL hadoop Hive 
274,鴻甫科技有限公司,https://www.104.com.tw/company/1a2x6bkvq6?jobsource=jolist_c_relevance,Java開發工程師,https://www.104.com.tw/job/6ndts?jobsource=jolist_c_relevance,Java 
275,指南動力有限公司,https://www.104.com.tw/company/5t81548?jobsource=2018indexpoc,VB.Net程式設計工程師,https://www.104.com.tw/job/6oxyb?jobsource=2018indexpoc,Visual Basic .net 
276,巨鷗科技股份有限公司,https://www.104.com.tw/company/5xb6ei8?jobsource=jolist_c_relevance,新產品研發經理,https://www.104.com.tw/job/5m1oa?jobsource=jolist_c_relevance,
277,勤業眾信聯合會計師事務所,https://www.104.com.tw/company/17n3i7lk?jobsource=2018indexpoc,供應鏈管理顧問,https://www.104.com.tw/job/43s29?jobsource=2018indexpoc,Excel Outlook PowerPoint Word 
278,聯強國際股份有限公司,https://www.104.com.tw/company/aldnfbc?jobsource=2018indexpoc,資料分析師(全球第二大IT通路集團),https://www.104.com.tw/job/6hy11?jobsource=2018indexpoc,
279,老協珍股份有限公司,https://www.104.com.tw/company/dc6xe0w?jobsource=2018indexpoc,CIM / MES工程師,https://www.104.com.tw/job/6vcjg?jobsource=2018indexpoc,ASP.NET C# MS SQL HTML JavaScript 
280,U-CARE_威爾嘉國際股份有限公司,https://www.104.com.tw/company/7o31d20?jobsource=jolist_c_relevance,業務行政人員,https://www.104.com.tw/job/6mrd4?jobsource=jolist_c_relevance,Windows 2000 Excel Outlook Word 
281,肯岳亞股份有限公司,https://www.104.com.tw/company/aoebi6w?jobsource=2018indexpoc,會計助理,https://www.104.com.tw/job/57874?jobsource=2018indexpoc,Excel PowerPoint Word 文中系統 
282,鴻海集團_英屬開曼群島商鴻騰精密科技股份有限公司台灣分公司,https://www.104.com.tw/company/1a2x6bkbyd?jobsource=jolist_c_relevance,資料工程師(派駐大陸深圳),https://www.104.com.tw/job/6nwez?jobsource=jolist_c_relevance,C# Python 
283,協爾電子科技有限公司,https://www.104.com.tw/company/1a2x6bl3ej?jobsource=2018indexpoc,影像處理演算法工程師(台中),https://www.104.com.tw/job/6u9pu?jobsource=2018indexpoc,C# C++ Matlab 
284,關貿網路股份有限公司,https://www.104.com.tw/company/18mw4ku8?jobsource=jolist_c_relevance,約聘資料分析師(T45駐點食藥署),https://www.104.com.tw/job/6f8rs?jobsource=jolist_c_relevance,Python R SAS SPSS 
285,愛瑪麗歐股份有限公司,https://www.104.com.tw/company/1a2x6bi84j?jobsource=2018indexpoc,網頁應用工程師,https://www.104.com.tw/job/5m8r5?jobsource=2018indexpoc,PHP MySQL 
286,正河源機械配件有限公司,https://www.104.com.tw/company/13skipc8?jobsource=2018indexpoc,資訊專員,https://www.104.com.tw/job/4g2o4?jobsource=2018indexpoc,
287,樂意傳播股份有限公司,https://www.104.com.tw/company/1a2x6bi242?jobsource=jolist_c_relevance,ELK工程師,https://www.104.com.tw/job/6v8t8?jobsource=jolist_c_relevance,
288,健行學校財團法人健行科技大學,https://www.104.com.tw/company/ko9ibcg?jobsource=2018indexpoc,大數據及電商行銷班 -徵求培訓學員109/06/19 - 109/10/06 (有勞保投保紀錄者學費全免),https://www.104.com.tw/job/6wec6?jobsource=2018indexpoc,
289,后羿醫學科技股份有限公司,https://www.104.com.tw/company/1a2x6bl57h?jobsource=2018indexpoc,活動行銷企劃工讀生（人工智慧、聊天機器人）,https://www.104.com.tw/job/6vpan?jobsource=2018indexpoc,
290,中佑資訊有限公司,https://www.104.com.tw/company/d5ec074?jobsource=jolist_c_relevance,數據分析專員,https://www.104.com.tw/job/6t18s?jobsource=jolist_c_relevance,Excel PowerPoint Word 
291,威朋大數據股份有限公司,https://www.104.com.tw/company/d9tnh1s?jobsource=jolist_c_relevance,Staff Backend Engineer (Advertising),https://www.104.com.tw/job/6ejp5?jobsource=jolist_c_relevance,C C++ Java 
292,威朋大數據股份有限公司,https://www.104.com.tw/company/d9tnh1s?jobsource=2018indexpoc,Lead Site Reliability Engineer (Advertising),https://www.104.com.tw/job/6bmg2?jobsource=2018indexpoc,
293,藝珂人事顧問股份有限公司,https://www.104.com.tw/company/1303ngy0?jobsource=jolist_c_relevance,美國知名運動大廠徵Analyst (有大數據分析經驗者尤佳) SMS_213,https://www.104.com.tw/job/5m3lf?jobsource=jolist_c_relevance,Excel Tableau 
294,威朋大數據股份有限公司,https://www.104.com.tw/company/d9tnh1s?jobsource=2018indexpoc,"Data Technical Consultant (based in Indonesia, Jakarta)",https://www.104.com.tw/job/6uakx?jobsource=2018indexpoc,Linux Python R 
295,精誠隨想行動科技股份有限公司,https://www.104.com.tw/company/1a2x6bind7?jobsource=2018indexpoc,大數據 ETL 工程師,https://www.104.com.tw/job/6vjvi?jobsource=2018indexpoc,
296,晶鑽生醫股份有限公司,https://www.104.com.tw/company/1a2x6bk4n5?jobsource=jolist_c_relevance,【大數據分析師】,https://www.104.com.tw/job/6pwzi?jobsource=jolist_c_relevance,OOP Systems Analyst Python Database Management AWS Data Architect 
297,長佳智能股份有限公司,https://www.104.com.tw/company/1a2x6bkoxb?jobsource=2018indexpoc,大數據平台經理,https://www.104.com.tw/job/6wtan?jobsource=2018indexpoc,Excel PowerPoint Word Google Analytics 
298,國泰金控_國泰金融控股股份有限公司,https://www.104.com.tw/company/wjct48g?jobsource=2018indexpoc,"資料科學工程師（Python 後端工程師）-- 資料科學實驗室  (數數發中心, DDT)",https://www.104.com.tw/job/6k5ft?jobsource=2018indexpoc,
299,格明數位媒體有限公司,https://www.104.com.tw/company/1a2x6bju8m?jobsource=2018indexpoc,Project / Product Manager,https://www.104.com.tw/job/6c4r5?jobsource=2018indexpoc,
300,台達電子工業股份有限公司 _DELTA ELECTRONICS INC.,https://www.104.com.tw/company/fn5mtmo?jobsource=2018indexpoc,【2020暑期實習─達人養成計畫】大數據分析實習生_台達研究院 (台北內湖),https://www.104.com.tw/job/6lgdt?jobsource=2018indexpoc,Excel 
301,台灣析數資訊股份有限公司,https://www.104.com.tw/company/ofnqhsw?jobsource=jolist_c_relevance,業務專案經理,https://www.104.com.tw/job/4ce94?jobsource=jolist_c_relevance,Excel PowerPoint Word 
302,威朋大數據股份有限公司,https://www.104.com.tw/company/d9tnh1s?jobsource=2018indexpoc,Senior Data Engineer,https://www.104.com.tw/job/6k4z6?jobsource=2018indexpoc,
303,INTECHWORLD INC.,https://www.104.com.tw/company/1a2x6bl0vz?jobsource=2018indexpoc,【薪優福利佳】Java Team Leader(大數據團隊)-(台北)-C,https://www.104.com.tw/job/6wo88?jobsource=2018indexpoc,
304,91APP_九易宇軒股份有限公司,https://www.104.com.tw/company/1a2x6bio5g?jobsource=2018indexpoc,雲端資料工程師 (Cloud Data Engineer),https://www.104.com.tw/job/5s15o?jobsource=2018indexpoc,
305,AHGTECH BUSINESS PROCESS OUTSOURCING,https://www.104.com.tw/company/1a2x6bl5f2?jobsource=jolist_c_relevance,大數據開發 年薪40-100萬 rmb,https://www.104.com.tw/job/6wnki?jobsource=jolist_c_relevance,
306,耀德生物技術股份有限公司,https://www.104.com.tw/company/1a2x6biqji?jobsource=2018indexpoc,生物技術研發專員,https://www.104.com.tw/job/4wm9t?jobsource=2018indexpoc,
307,雙橡園開發股份有限公司,https://www.104.com.tw/company/cjdyne0?jobsource=2018indexpoc,【中台灣高階地產行銷專才】,https://www.104.com.tw/job/4z26d?jobsource=2018indexpoc,Excel Outlook PowerPoint Word 
308,聯強國際股份有限公司,https://www.104.com.tw/company/aldnfbc?jobsource=2018indexpoc,資料分析工程師(全球第二大IT通路集團),https://www.104.com.tw/job/6m2ce?jobsource=2018indexpoc,
309,大數據股份有限公司,https://www.104.com.tw/company/1a2x6bjjhc?jobsource=jolist_c_relevance,網站內容編輯,https://www.104.com.tw/job/6m6k5?jobsource=jolist_c_relevance,
310,建騰創達科技股份有限公司,https://www.104.com.tw/company/10zdug8w?jobsource=2018indexpoc,PD2651 產品專案管理師 PM Specialist/Manager,https://www.104.com.tw/job/59jgz?jobsource=2018indexpoc,
311,聯合百科電子出版有限公司,https://www.104.com.tw/company/13trrwr4?jobsource=hotjob_chr,Backend Engineer - 後端工程師(專兼皆可),https://www.104.com.tw/job/4xwr0?jobsource=hotjob_chr,ASP.NET C# MS SQL HTML JavaScript 
312,威朋大數據股份有限公司,https://www.104.com.tw/company/d9tnh1s?jobsource=2018indexpoc,Financial Analyst,https://www.104.com.tw/job/6m0m7?jobsource=2018indexpoc,
313,威朋大數據股份有限公司,https://www.104.com.tw/company/d9tnh1s?jobsource=2018indexpoc,數位廣告業務/資深數位廣告業務,https://www.104.com.tw/job/3qz55?jobsource=2018indexpoc,
314,信東生技股份有限公司,https://www.104.com.tw/company/jun4p40?jobsource=2018indexpoc,總經理室-課員A,https://www.104.com.tw/job/69shd?jobsource=2018indexpoc,
315,GARMIN_台灣國際航電股份有限公司,https://www.104.com.tw/company/at3fhmo?jobsource=2018indexpoc,工業4.0百人招募專案!!Garmin Asia 製造工程處_AR/VR工程師_汐止/林口,https://www.104.com.tw/job/6tfyf?jobsource=2018indexpoc,C# Java 
316,台北神策諮詢顧問有限公司,https://www.104.com.tw/company/1a2x6bl2g9?jobsource=2018indexpoc,ETL工程師,https://www.104.com.tw/job/6uzw2?jobsource=2018indexpoc,Linux Java ETL MySQL hadoop 
317,弈樂科技股份有限公司,https://www.104.com.tw/company/1a2x6bkrny?jobsource=2018indexpoc,數據工程師,https://www.104.com.tw/job/6kssy?jobsource=2018indexpoc,Python R MySQL Excel PowerPoint 
318,景雅琦建築師事務所,https://www.104.com.tw/company/c3b5sug?jobsource=2018indexpoc,規劃師,https://www.104.com.tw/job/6hos9?jobsource=2018indexpoc,
319,ETC＿遠通電收股份有限公司,https://www.104.com.tw/company/19dh8x2w?jobsource=2018indexpoc,智能及自動化系統整合工程師,https://www.104.com.tw/job/6q3ye?jobsource=2018indexpoc,C# Java Python MS SQL 
320,香港商慧科訊業有限公司台灣分公司,https://www.104.com.tw/company/wiisc20?jobsource=jolist_c_relevance,[R&D] 大數據後端工程師/軟體研發工程師,https://www.104.com.tw/job/5jkl3?jobsource=jolist_c_relevance,Linux Java Python AWS 
321,TutorABC_麥奇數位股份有限公司,https://www.104.com.tw/company/1134yk9s?jobsource=2018indexpoc,熱情招募_全方位銷售達人(結合AI、大數據、互聯網、雲端科技的產品與服務平台),https://www.104.com.tw/job/6cndt?jobsource=2018indexpoc,
322,國泰金控_國泰金融控股股份有限公司,https://www.104.com.tw/company/wjct48g?jobsource=2018indexpoc,"數據軟體工程師-數據科技(數數發中心, DDT)",https://www.104.com.tw/job/6emjz?jobsource=2018indexpoc,
323,汎神國際有限公司,https://www.104.com.tw/company/1a2x6bjtbm?jobsource=2018indexpoc,數據分析師,https://www.104.com.tw/job/6bahk?jobsource=2018indexpoc,MS SQL 
324,悠遊卡股份有限公司,https://www.104.com.tw/company/wic70ug?jobsource=2018indexpoc,大數據分析師,https://www.104.com.tw/job/6vkbu?jobsource=2018indexpoc,Excel PowerPoint Word 
325,昱冠資訊股份有限公司,https://www.104.com.tw/company/1a2x6bishn?jobsource=2018indexpoc,大數據系統架構師,https://www.104.com.tw/job/6djds?jobsource=2018indexpoc,AJAX Java Python DHTML HTML JavaScript jQuery DHCP DNS LDAP SNMP 
326,鴻海精密工業股份有限公司,https://www.104.com.tw/company/233rv1s?jobsource=2018indexpoc,高雄軟體園區- 大數據平台開發工程師,https://www.104.com.tw/job/5ze1y?jobsource=2018indexpoc,
327,薩摩亞商長穩智能管理有限公司,https://www.104.com.tw/company/1a2x6bjmmv?jobsource=2018indexpoc,雲平台開發工程師,https://www.104.com.tw/job/6gxbh?jobsource=2018indexpoc,Linux Windows Server 2008 Android Windows Server 2012 ASP.NET C# Java Visual Studio MS SQL MySQL hadoop AWS VBScript SAN 
328,長佳智能股份有限公司,https://www.104.com.tw/company/1a2x6bkoxb?jobsource=2018indexpoc,大數據平台行銷企劃專員,https://www.104.com.tw/job/6vbge?jobsource=2018indexpoc,Excel PowerPoint Word 
329,GARMIN_台灣國際航電股份有限公司,https://www.104.com.tw/company/at3fhmo?jobsource=2018indexpoc,工業4.0百人招募專案!!Garmin Asia 製造工程處_自動化及系統整合與資料科學工程師_汐止/林口,https://www.104.com.tw/job/4xk7o?jobsource=2018indexpoc,
330,絡客思行銷科技股份有限公司,https://www.104.com.tw/company/1a2x6bl2lm?jobsource=jolist_c_relevance,後端系統及大數據實習工程師,https://www.104.com.tw/job/6wdhm?jobsource=jolist_c_relevance,Linux Mac OS Android iOS PHP Python AWS Google Analytics Firebase 
331,國泰金控_國泰金融控股股份有限公司,https://www.104.com.tw/company/wjct48g?jobsource=jolist_c_relevance,洗錢防制資深專業人員,https://www.104.com.tw/job/6tfn2?jobsource=jolist_c_relevance,
332,瑄品股份有限公司,https://www.104.com.tw/company/1a2x6biclh?jobsource=2018indexpoc,智慧交通運輸 分析師/時制重整/交通大數據,https://www.104.com.tw/job/6uksl?jobsource=2018indexpoc,
333,緯創資通股份有限公司,https://www.104.com.tw/company/5wthkkw?jobsource=2018indexpoc,資料整合顧問 _ 汐止 _ 00000,https://www.104.com.tw/job/69bum?jobsource=2018indexpoc,
334,大豐膠囊工業股份有限公司,https://www.104.com.tw/company/pn7s5aw?jobsource=2018indexpoc,IE工程師,https://www.104.com.tw/job/6w9xw?jobsource=2018indexpoc,Excel PowerPoint Word 
335,華廣生技股份有限公司,https://www.104.com.tw/company/10w6mu7c?jobsource=2018indexpoc,【擴大編制】(資訊類)電腦整合製造工程師(CIM)-SES,https://www.104.com.tw/job/6t8sl?jobsource=2018indexpoc,ASP.NET C# MS SQL Oracle 
336,準鑫企業股份有限公司,https://www.104.com.tw/company/1a2x6bj7ay?jobsource=2018indexpoc,自動控制工程師,https://www.104.com.tw/job/6imkp?jobsource=2018indexpoc,Excel Outlook Word AutoCAD AutoCad 2D 
337,網際威信股份有限公司,https://www.104.com.tw/company/7hsiods?jobsource=jolist_c_relevance,AI 大數據 工程師/分析師/經理 【新創中心】,https://www.104.com.tw/job/6nnhm?jobsource=jolist_c_relevance,
338,群益金鼎證券股份有限公司,https://www.104.com.tw/company/ajnfhyw?jobsource=2018indexpoc,【資訊】大數據分析人員,https://www.104.com.tw/job/6la7u?jobsource=2018indexpoc,Java MS SQL MySQL 
339,光洋應用材料科技股份有限公司,https://www.104.com.tw/company/k46629s?jobsource=2018indexpoc,A700200 品質系統工程師（光科廠）,https://www.104.com.tw/job/6tlk1?jobsource=2018indexpoc,
340,緯創資通股份有限公司,https://www.104.com.tw/company/5wthkkw?jobsource=2018indexpoc,RRS0000-數據分析工程師(汐止),https://www.104.com.tw/job/6m9ol?jobsource=2018indexpoc,
341,永豐金證券股份有限公司,https://www.104.com.tw/company/am935lk?jobsource=jolist_c_relevance,數據分析人員(數位金融部),https://www.104.com.tw/job/6wuqx?jobsource=jolist_c_relevance,
342,福壽實業股份有限公司,https://www.104.com.tw/company/ptbi6vk?jobsource=2018indexpoc,智能製造及智慧化管理工程師,https://www.104.com.tw/job/67rkm?jobsource=2018indexpoc,
343,碩誠國際股份有限公司,https://www.104.com.tw/company/1a2x6bj2kt?jobsource=jolist_c_relevance,ETL engineer(熟 Informatica),https://www.104.com.tw/job/6f1b4?jobsource=jolist_c_relevance,ETL Informatica 
344,中國醫藥大學附設醫院,https://www.104.com.tw/company/o5x51w0?jobsource=jolist_c_relevance,10R0-大數據中心 生物統計師(biostatistician),https://www.104.com.tw/job/4lwfh?jobsource=jolist_c_relevance,SAS SPSS 
345,分眾傳媒股份有限公司,https://www.104.com.tw/company/cnw4ujk?jobsource=2018indexpoc,廣告業務部-專案企劃,https://www.104.com.tw/job/6sin0?jobsource=2018indexpoc,Excel PowerPoint Word 
346,摩斯漢堡_安心食品服務股份有限公司,https://www.104.com.tw/company/azqoc4o?jobsource=jolist_c_relevance,【總公司】大數據應用課－資料分析師,https://www.104.com.tw/job/6umlp?jobsource=jolist_c_relevance,
347,皮克網路有限公司,https://www.104.com.tw/company/1a2x6bjf44?jobsource=2018indexpoc,【大數據分析工程師】分析萬事萬物！加入台中矽谷,https://www.104.com.tw/job/5a5et?jobsource=2018indexpoc,
348,大數據股份有限公司,https://www.104.com.tw/company/1a2x6bjjhc?jobsource=2018indexpoc,數據分析師,https://www.104.com.tw/job/5944x?jobsource=2018indexpoc,
349,富邦媒體科技股份有限公司(富邦momo),https://www.104.com.tw/company/ckkyqvc?jobsource=jolist_c_relevance,A0000 菁英人才招募(大數據研發類),https://www.104.com.tw/job/442l2?jobsource=jolist_c_relevance,Java Scala 
350,老協珍股份有限公司,https://www.104.com.tw/company/dc6xe0w?jobsource=2018indexpoc,軟體工程師(.NET C#),https://www.104.com.tw/job/5v8f9?jobsource=2018indexpoc,ASP.NET C# MS SQL HTML JavaScript 
351,創源生物科技股份有限公司,https://www.104.com.tw/company/b5d23xs?jobsource=jolist_c_relevance,GD-資工人員,https://www.104.com.tw/job/6kmlf?jobsource=jolist_c_relevance,
352,威朋大數據股份有限公司,https://www.104.com.tw/company/d9tnh1s?jobsource=2018indexpoc,Senior DevOps Engineers / Team Lead,https://www.104.com.tw/job/6db46?jobsource=2018indexpoc,
353,泛太資訊科技開發股份有限公司,https://www.104.com.tw/company/aqaowj4?jobsource=2018indexpoc,IT 系統顧問,https://www.104.com.tw/job/5awkw?jobsource=2018indexpoc,
354,指南動力有限公司,https://www.104.com.tw/company/5t81548?jobsource=2018indexpoc,C#/VB程式設計工程師,https://www.104.com.tw/job/51b19?jobsource=2018indexpoc,C# Visual Basic 
355,台灣新光保全股份有限公司,https://www.104.com.tw/company/5msc8qo?jobsource=2018indexpoc,大數據分析人員,https://www.104.com.tw/job/6uikx?jobsource=2018indexpoc,Excel Oracle ERP SAP 
356,GIS-KY(6456)業成集團_英特盛科技股份有限公司,https://www.104.com.tw/company/1a2x6bi80a?jobsource=2018indexpoc,數據分析工程師/主管(派駐大陸),https://www.104.com.tw/job/6m335?jobsource=2018indexpoc,
357,中國信託商業銀行股份有限公司,https://www.104.com.tw/company/1ew38w0?jobsource=jolist_c_relevance,個金_CRM資料分析人員,https://www.104.com.tw/job/6bg8y?jobsource=jolist_c_relevance,
358,大數據股份有限公司,https://www.104.com.tw/company/1a2x6bjjhc?jobsource=2018indexpoc,客戶營運管理師,https://www.104.com.tw/job/6vasm?jobsource=2018indexpoc,Excel PowerPoint Word 
359,AHGTECH BUSINESS PROCESS OUTSOURCING,https://www.104.com.tw/company/1a2x6bl5f2?jobsource=2018indexpoc,大數據開發（月薪：30k-50k 人民幣）+每月績效+年底13-16薪,https://www.104.com.tw/job/6w76p?jobsource=2018indexpoc,
360,協爾電子科技有限公司,https://www.104.com.tw/company/1a2x6bl3ej?jobsource=jolist_c_relevance,影像處理演算法工程師(台南),https://www.104.com.tw/job/6u9pp?jobsource=jolist_c_relevance,C# C++ Matlab 
361,亞太電信股份有限公司,https://www.104.com.tw/company/wifkjug?jobsource=jolist_c_relevance,【AIOT】Solution PM 智慧物聯網應用解決方案規劃師,https://www.104.com.tw/job/6nt10?jobsource=jolist_c_relevance,
362,集太科技有限公司,https://www.104.com.tw/company/b64m6g0?jobsource=2018indexpoc,大數據分析師,https://www.104.com.tw/job/6u86h?jobsource=2018indexpoc,
363,薩摩亞商長穩智能管理有限公司,https://www.104.com.tw/company/1a2x6bjmmv?jobsource=2018indexpoc,大數據系統工程師,https://www.104.com.tw/job/6l06b?jobsource=2018indexpoc,Java Python ANSI SQL MS SQL PL/SQL PostgreSQL 
364,CARMAX_車美仕股份有限公司,https://www.104.com.tw/company/aerjtds?jobsource=2018indexpoc,MaaS 資料科學家,https://www.104.com.tw/job/6pkgv?jobsource=2018indexpoc,
365,中華系統整合股份有限公司,https://www.104.com.tw/company/10wkoo2w?jobsource=2018indexpoc,大數據技術專員,https://www.104.com.tw/job/65141?jobsource=2018indexpoc,Linux Shell UNIX Windows 2003 Windows NT Windows XP Windows 7 Windows Server 2008 Windows 8 Windows Server 2012 Windows 10 C++ Python R Database Administrator Database Management MySQL Oracle Vmware hadoop AWS TCP/IP Adobe Acrobat Excel Outlook PowerPoint Word VM 
366,逢甲大學_地理資訊系統研究中心,https://www.104.com.tw/company/nw2qgh6?jobsource=2018indexpoc,博士後研究員_科技管理處,https://www.104.com.tw/job/6eymr?jobsource=2018indexpoc,Python R Excel Outlook PowerPoint Word 
367,INTECHWORLD INC.,https://www.104.com.tw/company/1a2x6bl0vz?jobsource=jolist_c_relevance,【薪優福利佳】系統分析師SA(大數據團隊)-(台北)-C,https://www.104.com.tw/job/6wtmr?jobsource=jolist_c_relevance,
368,弘馳股份有限公司,https://www.104.com.tw/company/5qzl0bc?jobsource=jolist_c_relevance,總經理室-特助/資深專員(桃園觀音廠),https://www.104.com.tw/job/5sq1a?jobsource=jolist_c_relevance,Excel PowerPoint Word 
369,慧訊國際股份有限公司,https://www.104.com.tw/company/13y0k0m0?jobsource=jolist_c_relevance,數據分析師,https://www.104.com.tw/job/6ms3b?jobsource=jolist_c_relevance,
370,日商  花王(台灣)股份有限公司,https://www.104.com.tw/company/hi37saw?jobsource=2018indexpoc,【日商花王擴大招募】行銷企劃(市場分析),https://www.104.com.tw/job/6w2zp?jobsource=2018indexpoc,Excel PowerPoint 
371,路易莎職人咖啡股份有限公司,https://www.104.com.tw/company/1a2x6bjwfs?jobsource=2018indexpoc,路易莎咖啡 總公司-工程師,https://www.104.com.tw/job/6vni4?jobsource=2018indexpoc,
372,INTECHWORLD INC.,https://www.104.com.tw/company/1a2x6bl0vz?jobsource=jolist_c_relevance,【急徵】大數據工程師_BN (歡迎到菲律賓展開精采的海外人生),https://www.104.com.tw/job/6raxt?jobsource=jolist_c_relevance,Linux hadoop J2EE 
373,華碩電腦股份有限公司,https://www.104.com.tw/company/auxx12g?jobsource=2018indexpoc,2020校園徵才~軟體研發工程師,https://www.104.com.tw/job/6v3ky?jobsource=2018indexpoc,
374,科勝科技股份有限公司,https://www.104.com.tw/company/aq12bog?jobsource=2018indexpoc,產品服務工程師(高雄),https://www.104.com.tw/job/6jblj?jobsource=2018indexpoc,
375,薩摩亞商長穩智能管理有限公司,https://www.104.com.tw/company/1a2x6bjmmv?jobsource=2018indexpoc,手機App工程師,https://www.104.com.tw/job/6mfy6?jobsource=2018indexpoc,Java Objective-C 
376,瑄品股份有限公司,https://www.104.com.tw/company/1a2x6biclh?jobsource=2018indexpoc,大數據分析專員,https://www.104.com.tw/job/6vxae?jobsource=2018indexpoc,
377,眾匯智能健康股份有限公司,https://www.104.com.tw/company/7hqkeah?jobsource=hotjob_chr,人工智慧(AI)開發團隊工程師/主管,https://www.104.com.tw/job/6w9gm?jobsource=hotjob_chr,
378,宏致電子股份有限公司,https://www.104.com.tw/company/18ogquxc?jobsource=2018indexpoc,【中壢東園-資訊】資訊高級工程師(BI),https://www.104.com.tw/job/6rkib?jobsource=2018indexpoc,
379,國泰世華商業銀行股份有限公司_人力資源部,https://www.104.com.tw/company/1xzkino?jobsource=jolist_c_relevance,【新興金融】數據暨客群經營分析師,https://www.104.com.tw/job/5wxv6?jobsource=jolist_c_relevance,Python ANSI SQL MS SQL PL/SQL Google Analytics SAS 
380,GARMIN_台灣國際航電股份有限公司,https://www.104.com.tw/company/at3fhmo?jobsource=2018indexpoc,工業4.0百人招募專案!!Garmin Asia 製造工程處_C#Application工程師_汐止/林口,https://www.104.com.tw/job/5ddoj?jobsource=2018indexpoc,
381,皮托科技股份有限公司,https://www.104.com.tw/company/13uzkigw?jobsource=jolist_c_relevance,大數據高階整合工程師,https://www.104.com.tw/job/6d8m6?jobsource=jolist_c_relevance,C# C++ Python R Dbase 
382,昱峰智能大數據科技股份有限公司,https://www.104.com.tw/company/1a2x6bkbn6?jobsource=2018indexpoc,系統工程專案工程師,https://www.104.com.tw/job/6vsus?jobsource=2018indexpoc,Linux Shell Vmware Apache SOAP DHCP DNS Firewall FTP HTTP LAN Load Balancing SAN ssh TCP/IP VPN WAN 
383,巨量場域服務股份有限公司,https://www.104.com.tw/company/1a2x6bl52u?jobsource=jolist_c_relevance,建築設備專案業務開發,https://www.104.com.tw/job/6wjtz?jobsource=jolist_c_relevance,Excel Internet Explorer PowerPoint Word AutoCAD AutoCad 2D AutoCad 3D Revit Sketch up DIALux ArchiCAD 
384,富邦媒體科技股份有限公司(富邦momo),https://www.104.com.tw/company/ckkyqvc?jobsource=jolist_c_relevance,D4000 大數據平台工程師(Java),https://www.104.com.tw/job/5atn7?jobsource=jolist_c_relevance,Java Spring PL/SQL 
385,亞太電信股份有限公司,https://www.104.com.tw/company/wifkjug?jobsource=2018indexpoc,【網路技術專業】4G/5G無線網路品質管理暨分析工程師,https://www.104.com.tw/job/6vc0n?jobsource=2018indexpoc,Linux PHP MS SQL 
386,友宏整合行銷有限公司,https://www.104.com.tw/company/1a2x6bi2b5?jobsource=jolist_c_relevance,Python大數據AI工程師(南港),https://www.104.com.tw/job/6to0t?jobsource=jolist_c_relevance,Linux Python 
387,昱峰智能大數據科技股份有限公司,https://www.104.com.tw/company/1a2x6bkbn6?jobsource=2018indexpoc,AI資料科學家,https://www.104.com.tw/job/5x0ln?jobsource=2018indexpoc,Linux Github Python 
388,財團法人台灣產業服務基金會,https://www.104.com.tw/company/tsp8og?jobsource=jolist_c_relevance,資訊工程師,https://www.104.com.tw/job/6ecvx?jobsource=jolist_c_relevance,Excel PowerPoint Word 
389,大數據股份有限公司,https://www.104.com.tw/company/1a2x6bjjhc?jobsource=jolist_c_relevance,助理美編（長期工讀),https://www.104.com.tw/job/6waiz?jobsource=jolist_c_relevance,Adobe InDesign Illustrator 
390,INTECHWORLD INC.,https://www.104.com.tw/company/1a2x6bl0vz?jobsource=2018indexpoc,【薪優福利佳】大數據工程師(Junior)-(台北)-C,https://www.104.com.tw/job/6wo7s?jobsource=2018indexpoc,
391,北祥股份有限公司,https://www.104.com.tw/company/9mb0ddc?jobsource=jolist_c_relevance,大數據分析工程師(創新部門),https://www.104.com.tw/job/4u8n4?jobsource=jolist_c_relevance,Java JavaScript jQuery 
392,艾斯移動股份有限公司,https://www.104.com.tw/company/cv8shww?jobsource=2018indexpoc,大數據工程師,https://www.104.com.tw/job/6nmju?jobsource=2018indexpoc,Java Python 
393,INTECHWORLD INC.,https://www.104.com.tw/company/1a2x6bl0vz?jobsource=jolist_c_relevance,【薪優福利佳】大數據分析師(Big Data Analyst)-C,https://www.104.com.tw/job/6wo8d?jobsource=jolist_c_relevance,
394,國泰世華商業銀行股份有限公司_人力資源部,https://www.104.com.tw/company/1xzkino?jobsource=2018indexpoc,【數銀】KOKO數位平台企劃Project manager,https://www.104.com.tw/job/5iwjx?jobsource=2018indexpoc,
395,"(越南)通用製鞋工業有限公司_GENERAL SHOES CO.,LTD",https://www.104.com.tw/company/1a2x6bkvfr?jobsource=2018indexpoc,工業工程師(IE)(VN),https://www.104.com.tw/job/6me5w?jobsource=2018indexpoc,
396,台北神策諮詢顧問有限公司,https://www.104.com.tw/company/1a2x6bl2g9?jobsource=2018indexpoc,市場發展部 經理/副理,https://www.104.com.tw/job/6uzx8?jobsource=2018indexpoc,
397,薩摩亞商長穩智能管理有限公司,https://www.104.com.tw/company/1a2x6bjmmv?jobsource=2018indexpoc,軟體設計工程師,https://www.104.com.tw/job/67y7l?jobsource=2018indexpoc,
398,訊連科技股份有限公司,https://www.104.com.tw/company/ay3orts?jobsource=jolist_c_relevance,後端工程師 (Backend Engineer),https://www.104.com.tw/job/5h3zi?jobsource=jolist_c_relevance,OOP Java RDBMS Apache SOAP J2EE J2SE 
399,威朋大數據股份有限公司,https://www.104.com.tw/company/d9tnh1s?jobsource=2018indexpoc,Data Analyst (based in Japan),https://www.104.com.tw/job/6st53?jobsource=2018indexpoc,Linux Python R 
400,財團法人電信技術中心,https://www.104.com.tw/company/19hojm3k?jobsource=2018indexpoc,資通安全組_資安工程師(資安分析),https://www.104.com.tw/job/58rnl?jobsource=2018indexpoc,Linux Python Firewall IDS Security Sniffer ssh TCP/IP TcpDump UDP WLAN 
401,台北神策諮詢顧問有限公司,https://www.104.com.tw/company/1a2x6bl2g9?jobsource=2018indexpoc,後端研發工程師,https://www.104.com.tw/job/6uzuv?jobsource=2018indexpoc,Java MySQL hadoop Hive 
402,薩摩亞商長穩智能管理有限公司,https://www.104.com.tw/company/1a2x6bjmmv?jobsource=2018indexpoc,前端設計工程師,https://www.104.com.tw/job/6jnv0?jobsource=2018indexpoc,HTML JavaScript jQuery CSS Adobe Photoshop Illustrator 
